Time (sec),Extension (in),Load (lbf),Strain 1 (%)
0.00,0.00,-0.02,0.00
0.10,0.00,0.12,0.00
0.20,0.00,0.34,0.00
0.30,0.00,0.16,0.00
0.40,0.00,0.11,0.00
0.50,0.00,0.10,0.00
0.60,0.00,0.03,0.00
0.70,0.00,0.19,0.00
0.80,0.00,0.10,0.00
0.90,0.00,0.23,0.00
1.00,0.00,0.14,0.00
1.10,0.00,0.30,0.00
1.20,0.00,0.02,0.00
1.30,0.00,0.27,0.00
1.40,0.00,0.33,0.00
1.50,0.00,0.21,0.00
1.60,0.00,0.26,0.00
1.70,0.00,0.37,0.00
1.80,0.00,0.23,0.00
1.90,0.00,0.20,0.00
2.00,0.00,0.14,0.00
2.10,0.00,0.43,0.00
2.20,0.00,0.52,0.00
2.30,0.00,1.25,0.00
2.40,0.00,2.88,0.00
2.50,0.00,4.85,0.00
2.60,0.00,7.37,0.00
2.70,0.00,10.78,0.00
2.80,0.00,14.66,0.00
2.90,0.00,18.82,0.00
3.00,0.01,22.95,0.00
3.10,0.01,27.93,0.00
3.20,0.01,33.49,0.00
3.30,0.01,40.14,0.00
3.40,0.01,47.32,0.00
3.50,0.01,54.36,0.00
3.60,0.01,62.32,0.00
3.70,0.01,70.40,0.00
3.80,0.01,78.68,0.00
3.90,0.01,87.77,0.00
4.00,0.01,96.42,0.00
4.10,0.01,105.73,0.00
4.20,0.01,115.18,0.00
4.30,0.01,124.87,0.00
4.40,0.01,135.25,0.00
4.50,0.01,145.33,0.00
4.60,0.01,156.11,0.00
4.70,0.01,166.49,0.00
4.80,0.01,177.32,0.00
4.90,0.01,188.78,0.00
5.00,0.01,199.47,0.00
5.10,0.01,210.92,0.00
5.20,0.01,222.09,0.00
5.30,0.01,234.04,0.00
5.40,0.01,246.39,0.00
5.50,0.01,257.21,0.00
5.60,0.01,269.48,0.00
5.70,0.01,281.28,0.00
5.80,0.01,293.17,0.00
5.90,0.01,305.35,0.00
6.00,0.01,317.67,0.00
6.10,0.01,330.32,0.00
6.20,0.01,342.46,0.00
6.30,0.01,354.95,0.00
6.40,0.01,368.49,0.00
6.50,0.01,381.38,0.00
6.60,0.01,394.45,0.00
6.70,0.01,406.96,0.00
6.80,0.01,420.20,0.00
6.90,0.01,433.83,0.00
7.00,0.01,446.89,0.00
7.10,0.01,461.00,0.00
7.20,0.01,474.08,0.00
7.30,0.01,487.68,0.00
7.40,0.01,501.74,0.00
7.50,0.01,515.54,0.00
7.60,0.01,530.14,0.00
7.70,0.01,543.97,0.00
7.80,0.01,558.58,0.01
7.90,0.01,573.37,0.01
8.00,0.01,587.47,0.01
8.10,0.01,602.86,0.01
8.20,0.01,617.24,0.01
8.30,0.01,632.48,0.01
8.40,0.01,647.54,0.01
8.50,0.01,662.07,0.01
8.60,0.01,678.02,0.01
8.70,0.01,693.14,0.01
8.80,0.01,709.12,0.01
8.90,0.01,724.54,0.01
9.00,0.02,739.98,0.01
9.10,0.02,756.81,0.01
9.20,0.02,772.34,0.01
9.30,0.02,789.28,0.01
9.40,0.02,805.19,0.01
9.50,0.02,821.69,0.01
9.60,0.02,838.78,0.01
9.70,0.02,854.60,0.01
9.80,0.02,872.20,0.01
9.90,0.02,888.96,0.01
10.00,0.02,905.83,0.01
10.10,0.02,923.45,0.01
10.20,0.02,939.86,0.01
10.30,0.02,957.67,0.01
10.40,0.02,974.97,0.01
10.50,0.02,992.56,0.01
10.60,0.02,1010.56,0.01
10.70,0.02,1027.79,0.01
10.80,0.02,1045.93,0.01
10.90,0.02,1063.35,0.01
11.00,0.02,1081.56,0.01
11.10,0.02,1100.02,0.01
11.20,0.02,1118.03,0.01
11.30,0.02,1136.71,0.01
11.40,0.02,1155.13,0.01
11.50,0.02,1174.23,0.01
11.60,0.02,1193.29,0.01
11.70,0.02,1212.13,0.01
11.80,0.02,1231.08,0.01
11.90,0.02,1249.97,0.02
12.00,0.02,1269.82,0.02
12.10,0.02,1289.28,0.02
12.20,0.02,1308.73,0.02
12.30,0.02,1328.86,0.02
12.40,0.02,1347.77,0.02
12.50,0.02,1367.33,0.02
12.60,0.02,1387.43,0.02
12.70,0.02,1407.45,0.02
12.80,0.02,1427.82,0.02
12.90,0.02,1447.63,0.02
13.00,0.02,1467.65,0.02
13.10,0.02,1487.45,0.02
13.20,0.02,1507.80,0.02
13.30,0.02,1529.21,0.02
13.40,0.02,1549.12,0.02
13.50,0.02,1570.25,0.02
13.60,0.02,1590.86,0.02
13.70,0.02,1611.16,0.02
13.80,0.02,1632.80,0.02
13.90,0.02,1653.66,0.02
14.00,0.02,1675.32,0.02
14.10,0.02,1695.72,0.02
14.20,0.02,1717.25,0.02
14.30,0.02,1738.96,0.02
14.40,0.02,1760.12,0.02
14.50,0.02,1782.73,0.02
14.60,0.02,1803.61,0.02
14.70,0.02,1825.24,0.02
14.80,0.02,1847.10,0.03
14.90,0.02,1868.81,0.03
15.00,0.03,1891.65,0.03
15.10,0.03,1912.89,0.03
15.20,0.03,1935.03,0.03
15.30,0.03,1957.63,0.03
15.40,0.03,1979.29,0.03
15.50,0.03,2002.77,0.03
15.60,0.03,2024.37,0.03
15.70,0.03,2046.94,0.03
15.80,0.03,2069.39,0.03
15.90,0.03,2091.77,0.03
16.00,0.03,2115.01,0.03
16.10,0.03,2137.53,0.03
16.20,0.03,2160.59,0.03
16.30,0.03,2183.06,0.03
16.40,0.03,2205.75,0.03
16.50,0.03,2229.08,0.03
16.60,0.03,2251.58,0.03
16.70,0.03,2275.54,0.03
16.80,0.03,2298.13,0.03
16.90,0.03,2321.14,0.03
17.00,0.03,2344.85,0.03
17.10,0.03,2367.56,0.03
17.20,0.03,2392.21,0.04
17.30,0.03,2415.85,0.04
17.40,0.03,2438.97,0.04
17.50,0.03,2463.46,0.04
17.60,0.03,2486.46,0.04
17.70,0.03,2511.04,0.04
17.80,0.03,2535.12,0.04
17.90,0.03,2559.16,0.04
18.00,0.03,2583.30,0.04
18.10,0.03,2607.27,0.04
18.20,0.03,2632.07,0.04
18.30,0.03,2656.15,0.04
18.40,0.03,2681.32,0.04
18.50,0.03,2705.80,0.04
18.60,0.03,2730.24,0.04
18.70,0.03,2755.39,0.04
18.80,0.03,2779.50,0.04
18.90,0.03,2804.93,0.04
19.00,0.03,2829.78,0.04
19.10,0.03,2854.28,0.04
19.20,0.03,2879.97,0.04
19.30,0.03,2904.38,0.04
19.40,0.03,2930.11,0.05
19.50,0.03,2955.73,0.05
19.60,0.03,2980.57,0.05
19.70,0.03,3006.53,0.05
19.80,0.03,3031.31,0.05
19.90,0.03,3057.56,0.05
20.00,0.03,3083.11,0.05
20.10,0.03,3108.83,0.05
20.20,0.03,3134.70,0.05
20.30,0.03,3160.11,0.05
20.40,0.03,3186.31,0.05
20.50,0.03,3211.66,0.05
20.60,0.03,3237.98,0.05
20.70,0.03,3264.77,0.05
20.80,0.03,3290.08,0.05
20.90,0.03,3316.64,0.05
21.00,0.03,3342.04,0.05
21.10,0.04,3368.03,0.05
21.20,0.04,3395.77,0.05
21.30,0.04,3421.35,0.05
21.40,0.04,3448.06,0.05
21.50,0.04,3473.65,0.06
21.60,0.04,3499.88,0.06
21.70,0.04,3526.84,0.06
21.80,0.04,3553.21,0.06
21.90,0.04,3580.33,0.06
22.00,0.04,3606.14,0.06
22.10,0.04,3633.17,0.06
22.20,0.04,3659.69,0.06
22.30,0.04,3686.71,0.06
22.40,0.04,3714.83,0.06
22.50,0.04,3740.75,0.06
22.60,0.04,3768.24,0.06
22.70,0.04,3794.62,0.06
22.80,0.04,3821.35,0.06
22.90,0.04,3849.63,0.06
23.00,0.04,3876.26,0.06
23.10,0.04,3903.89,0.06
23.20,0.04,3930.65,0.06
23.30,0.04,3957.84,0.06
23.40,0.04,3985.76,0.07
23.50,0.04,4012.75,0.07
23.60,0.04,4040.90,0.07
23.70,0.04,4067.62,0.07
23.80,0.04,4094.94,0.07
23.90,0.04,4123.53,0.07
24.00,0.04,4150.60,0.07
24.10,0.04,4179.32,0.07
24.20,0.04,4206.42,0.07
24.30,0.04,4233.21,0.07
24.40,0.04,4261.57,0.07
24.50,0.04,4289.27,0.07
24.60,0.04,4317.83,0.07
24.70,0.04,4345.60,0.07
24.80,0.04,4372.95,0.07
24.90,0.04,4400.42,0.07
25.00,0.04,4427.89,0.07
25.10,0.04,4457.16,0.07
25.20,0.04,4484.38,0.08
25.30,0.04,4512.63,0.08
25.40,0.04,4540.30,0.08
25.50,0.04,4567.96,0.08
25.60,0.04,4597.25,0.08
25.70,0.04,4624.60,0.08
25.80,0.04,4653.14,0.08
25.90,0.04,4681.69,0.08
26.00,0.04,4708.73,0.08
26.10,0.04,4737.59,0.08
26.20,0.04,4765.49,0.08
26.30,0.04,4794.33,0.08
26.40,0.04,4822.77,0.08
26.50,0.04,4850.70,0.08
26.60,0.04,4879.10,0.08
26.70,0.04,4906.61,0.08
26.80,0.04,4935.82,0.08
26.90,0.04,4964.56,0.09
27.00,0.05,4992.73,0.09
27.10,0.05,5021.19,0.09
27.20,0.05,5048.96,0.09
27.30,0.05,5078.17,0.09
27.40,0.05,5106.78,0.09
27.50,0.05,5135.18,0.09
27.60,0.05,5164.61,0.09
27.70,0.05,5192.15,0.09
27.80,0.05,5221.86,0.09
27.90,0.05,5250.30,0.09
28.00,0.05,5279.07,0.09
28.10,0.05,5308.30,0.09
28.20,0.05,5335.96,0.09
28.30,0.05,5365.22,0.09
28.40,0.05,5393.40,0.10
28.50,0.05,5422.95,0.10
28.60,0.05,5452.56,0.10
28.70,0.05,5480.69,0.10
28.80,0.05,5509.96,0.10
28.90,0.05,5537.78,0.10
29.00,0.05,5566.70,0.10
29.10,0.05,5596.77,0.10
29.20,0.05,5624.88,0.10
29.30,0.05,5654.14,0.10
29.40,0.05,5682.20,0.10
29.50,0.05,5710.80,0.10
29.60,0.05,5740.12,0.10
29.70,0.05,5768.96,0.10
29.80,0.05,5798.77,0.11
29.90,0.05,5826.10,0.11
30.00,0.05,5854.85,0.11
30.10,0.05,5883.63,0.11
30.20,0.05,5912.88,0.11
30.30,0.05,5942.57,0.11
30.40,0.05,5970.24,0.11
30.50,0.05,5999.40,0.11
30.60,0.05,6027.21,0.11
30.70,0.05,6055.77,0.11
30.80,0.05,6085.79,0.11
30.90,0.05,6113.44,0.11
31.00,0.05,6142.67,0.12
31.10,0.05,6170.64,0.12
31.20,0.05,6198.76,0.12
31.30,0.05,6228.27,0.12
31.40,0.05,6256.69,0.12
31.50,0.05,6285.71,0.12
31.60,0.05,6312.94,0.12
31.70,0.05,6340.96,0.12
31.80,0.05,6369.36,0.12
31.90,0.05,6397.90,0.12
32.00,0.05,6427.08,0.12
32.10,0.05,6454.63,0.13
32.20,0.05,6482.00,0.13
32.30,0.05,6510.64,0.13
32.40,0.05,6538.44,0.13
32.50,0.05,6568.30,0.13
32.60,0.05,6595.51,0.13
32.70,0.05,6623.43,0.13
32.80,0.05,6651.81,0.13
32.90,0.05,6678.63,0.13
33.00,0.06,6708.45,0.14
33.10,0.06,6735.19,0.14
33.20,0.06,6763.19,0.14
33.30,0.06,6790.55,0.14
33.40,0.06,6817.76,0.14
33.50,0.06,6846.23,0.14
33.60,0.06,6873.06,0.14
33.70,0.06,6901.27,0.14
33.80,0.06,6927.92,0.14
33.90,0.06,6954.91,0.15
34.00,0.06,6982.85,0.15
34.10,0.06,7009.32,0.15
34.20,0.06,7037.55,0.15
34.30,0.06,7064.18,0.15
34.40,0.06,7090.30,0.15
34.50,0.06,7117.49,0.15
34.60,0.06,7143.05,0.16
34.70,0.06,7171.27,0.16
34.80,0.06,7197.59,0.16
34.90,0.06,7223.54,0.16
35.00,0.06,7249.74,0.16
35.10,0.06,7275.10,0.16
35.20,0.06,7301.59,0.16
35.30,0.06,7327.84,0.17
35.40,0.06,7354.33,0.17
35.50,0.06,7379.80,0.17
35.60,0.06,7405.10,0.17
35.70,0.06,7430.84,0.17
35.80,0.06,7455.82,0.17
35.90,0.06,7481.67,0.17
36.00,0.06,7507.45,0.18
36.10,0.06,7531.78,0.18
36.20,0.06,7557.00,0.18
36.30,0.06,7580.76,0.18
36.40,0.06,7606.12,0.18
36.50,0.06,7631.85,0.18
36.60,0.06,7655.57,0.19
36.70,0.06,7680.37,0.19
36.80,0.06,7703.55,0.19
36.90,0.06,7728.22,0.19
37.00,0.06,7752.49,0.19
37.10,0.06,7776.43,0.20
37.20,0.06,7800.23,0.20
37.30,0.06,7823.14,0.20
37.40,0.06,7846.49,0.20
37.50,0.06,7870.39,0.20
37.60,0.06,7893.79,0.21
37.70,0.06,7917.80,0.21
37.80,0.06,7939.44,0.21
37.90,0.06,7962.57,0.21
38.00,0.06,7985.23,0.21
38.10,0.06,8008.01,0.22
38.20,0.06,8031.92,0.22
38.30,0.06,8053.10,0.22
38.40,0.06,8075.04,0.22
38.50,0.06,8096.96,0.22
38.60,0.06,8119.47,0.23
38.70,0.06,8142.41,0.23
38.80,0.06,8164.03,0.23
38.90,0.06,8186.67,0.23
39.00,0.06,8206.67,0.24
39.10,0.07,8227.89,0.24
39.20,0.07,8250.37,0.24
39.30,0.07,8271.37,0.24
39.40,0.07,8293.16,0.25
39.50,0.07,8313.12,0.25
39.60,0.07,8333.16,0.25
39.70,0.07,8354.29,0.25
39.80,0.07,8374.83,0.26
39.90,0.07,8395.83,0.26
40.00,0.07,8414.92,0.26
40.10,0.07,8434.18,0.26
40.20,0.07,8454.32,0.27
40.30,0.07,8474.08,0.27
40.40,0.07,8494.53,0.27
40.50,0.07,8513.60,0.27
40.60,0.07,8532.95,0.28
40.70,0.07,8551.24,0.28
40.80,0.07,8570.23,0.28
40.90,0.07,8590.28,0.28
41.00,0.07,8608.54,0.29
41.10,0.07,8627.51,0.29
41.20,0.07,8645.34,0.29
41.30,0.07,8663.21,0.30
41.40,0.07,8682.24,0.30
41.50,0.07,8699.63,0.30
41.60,0.07,8718.38,0.31
41.70,0.07,8735.21,0.31
41.80,0.07,8751.87,0.31
41.90,0.07,8769.87,0.31
42.00,0.07,8786.56,0.32
42.10,0.07,8805.12,0.32
42.20,0.07,8821.49,0.32
42.30,0.07,8836.78,0.33
42.40,0.07,8853.54,0.33
42.50,0.07,8869.31,0.33
42.60,0.07,8886.66,0.34
42.70,0.07,8902.97,0.34
42.80,0.07,8918.77,0.34
42.90,0.07,8934.12,0.35
43.00,0.07,8948.79,0.35
43.10,0.07,8965.34,0.35
43.20,0.07,8980.94,0.36
43.30,0.07,8996.45,0.36
43.40,0.07,9011.71,0.36
43.50,0.07,9025.77,0.37
43.60,0.07,9040.50,0.37
43.70,0.07,9054.82,0.37
43.80,0.07,9070.05,0.38
43.90,0.07,9084.71,0.38
44.00,0.07,9097.61,0.38
44.10,0.07,9111.83,0.39
44.20,0.07,9124.24,0.39
44.30,0.07,9139.15,0.39
44.40,0.07,9153.23,0.40
44.50,0.07,9165.82,0.40
44.60,0.07,9179.19,0.41
44.70,0.07,9190.71,0.41
44.80,0.07,9203.48,0.41
44.90,0.07,9216.77,0.42
45.00,0.08,9229.09,0.42
45.10,0.08,9241.89,0.43
45.20,0.08,9253.00,0.43
45.30,0.08,9265.65,0.43
45.40,0.08,9277.53,0.44
45.50,0.08,9289.61,0.44
45.60,0.08,9301.93,0.45
45.70,0.08,9311.90,0.45
45.80,0.08,9323.54,0.45
45.90,0.08,9333.85,0.46
46.00,0.08,9345.57,0.46
46.10,0.08,9357.48,0.47
46.20,0.08,9366.76,0.47
46.30,0.08,9377.35,0.47
46.40,0.08,9387.03,0.48
46.50,0.08,9397.35,0.48
46.60,0.08,9409.07,0.49
46.70,0.08,9418.59,0.49
46.80,0.08,9428.84,0.50
46.90,0.08,9437.13,0.50
47.00,0.08,9446.19,0.51
47.10,0.08,9456.53,0.51
47.20,0.08,9466.00,0.51
47.30,0.08,9476.40,0.52
47.40,0.08,9484.20,0.52
47.50,0.08,9492.72,0.53
47.60,0.08,9501.87,0.53
47.70,0.08,9510.53,0.54
47.80,0.08,9520.79,0.54
47.90,0.08,9528.57,0.55
48.00,0.08,9536.81,0.55
48.10,0.08,9544.83,0.56
48.20,0.08,9552.81,0.56
48.30,0.08,9562.79,0.56
48.40,0.08,9570.14,0.57
48.50,0.08,9577.99,0.57
48.60,0.08,9585.20,0.58
48.70,0.08,9592.34,0.58
48.80,0.08,9600.59,0.59
48.90,0.08,9608.48,0.59
49.00,0.08,9616.55,0.60
49.10,0.08,9622.76,0.60
49.20,0.08,9629.79,0.61
49.30,0.08,9637.44,0.61
49.40,0.08,9644.66,0.62
49.50,0.08,9653.32,0.62
49.60,0.08,9659.28,0.63
49.70,0.08,9665.53,0.63
49.80,0.08,9673.11,0.64
49.90,0.08,9678.99,0.64
50.00,0.08,9687.49,0.65
50.10,0.08,9693.42,0.65
50.20,0.08,9699.41,0.66
50.30,0.08,9705.76,0.66
50.40,0.08,9711.38,0.67
50.50,0.08,9719.21,0.67
50.60,0.08,9725.76,0.68
50.70,0.08,9731.74,0.68
50.80,0.08,9737.37,0.69
50.90,0.08,9742.93,0.69
51.00,0.09,9749.89,0.70
51.10,0.09,9755.77,0.70
51.20,0.09,9762.87,0.71
51.30,0.09,9768.01,0.71
51.40,0.09,9772.81,0.72
51.50,0.09,9779.81,0.72
51.60,0.09,9784.87,0.73
51.70,0.09,9791.86,0.73
51.80,0.09,9797.80,0.74
51.90,0.09,9802.21,0.74
52.00,0.09,9808.17,0.75
52.10,0.09,9812.76,0.76
52.20,0.09,9819.15,0.76
52.30,0.09,9825.39,0.77
52.40,0.09,9830.44,0.77
52.50,0.09,9835.61,0.78
52.60,0.09,9840.42,0.78
52.70,0.09,9845.75,0.79
52.80,0.09,9851.65,0.79
52.90,0.09,9856.95,0.80
53.00,0.09,9863.18,0.80
53.10,0.09,9867.49,0.81
53.20,0.09,9873.31,0.81
53.30,0.09,9878.34,0.82
53.40,0.09,9883.82,0.82
53.50,0.09,9890.44,0.83
53.60,0.09,9894.37,0.83
53.70,0.09,9899.99,0.84
53.80,0.09,9904.55,0.84
53.90,0.09,9910.15,0.85
54.00,0.09,9915.44,0.85
54.10,0.09,9920.80,0.86
54.20,0.09,9925.85,0.87
54.30,0.09,9930.10,0.87
54.40,0.09,9935.73,0.88
54.50,0.09,9940.90,0.88
54.60,0.09,9946.27,0.89
54.70,0.09,9952.14,0.89
54.80,0.09,9955.51,0.90
54.90,0.09,9960.35,0.90
55.00,0.09,9966.21,0.91
55.10,0.09,9970.67,0.91
55.20,0.09,9977.14,0.92
55.30,0.09,9980.45,0.92
55.40,0.09,9985.01,0.93
55.50,0.09,9989.62,0.93
55.60,0.09,9994.65,0.94
55.70,0.09,10000.86,0.95
55.80,0.09,10005.38,0.95
55.90,0.09,10010.02,0.96
56.00,0.09,10014.94,0.96
56.10,0.09,10019.50,0.97
56.20,0.09,10025.30,0.97
56.30,0.09,10029.99,0.98
56.40,0.09,10035.21,0.98
56.50,0.09,10038.72,0.99
56.60,0.09,10042.81,0.99
56.70,0.09,10048.38,1.00
56.80,0.09,10053.20,1.00
56.90,0.09,10058.76,1.01
57.00,0.10,10062.12,1.01
57.10,0.10,10066.50,1.02
57.20,0.10,10071.49,1.03
57.30,0.10,10076.02,1.03
57.40,0.10,10082.55,1.04
57.50,0.10,10086.22,1.04
57.60,0.10,10090.52,1.05
57.70,0.10,10095.09,1.05
57.80,0.10,10099.53,1.06
57.90,0.10,10105.65,1.06
58.00,0.10,10110.50,1.07
58.10,0.10,10114.34,1.07
58.20,0.10,10119.16,1.08
58.30,0.10,10123.31,1.08
58.40,0.10,10128.64,1.09
58.50,0.10,10133.25,1.09
58.60,0.10,10138.18,1.10
58.70,0.10,10142.54,1.10
58.80,0.10,10146.44,1.11
58.90,0.10,10151.69,1.12
59.00,0.10,10155.66,1.12
59.10,0.10,10161.13,1.13
59.20,0.10,10165.08,1.13
59.30,0.10,10169.48,1.14
59.40,0.10,10174.36,1.14
59.50,0.10,10178.32,1.15
59.60,0.10,10184.09,1.15
59.70,0.10,10188.37,1.16
59.80,0.10,10192.45,1.16
59.90,0.10,10197.36,1.17
60.00,0.10,10201.22,1.17
60.10,0.10,10206.65,1.18
60.20,0.10,10211.89,1.18
60.30,0.10,10215.49,1.19
60.40,0.10,10220.03,1.20
60.50,0.10,10223.92,1.20
60.60,0.10,10229.15,1.21
60.70,0.10,10233.66,1.21
60.80,0.10,10238.67,1.22
60.90,0.10,10243.44,1.22
61.00,0.10,10246.68,1.23
61.10,0.10,10251.72,1.23
61.20,0.10,10255.61,1.24
61.30,0.10,10260.92,1.24
61.40,0.10,10265.75,1.25
61.50,0.10,10269.52,1.25
61.60,0.10,10274.29,1.26
61.70,0.10,10277.23,1.26
61.80,0.10,10282.00,1.27
61.90,0.10,10287.93,1.27
62.00,0.10,10292.33,1.28
62.10,0.10,10297.30,1.28
62.20,0.10,10300.28,1.29
62.30,0.10,10304.86,1.30
62.40,0.10,10310.02,1.30
62.50,0.10,10314.44,1.31
62.60,0.10,10319.31,1.31
62.70,0.10,10322.34,1.32
62.80,0.10,10326.74,1.32
62.90,0.10,10331.02,1.33
63.00,0.11,10335.65,1.33
63.10,0.11,10341.43,1.34
63.20,0.11,10344.61,1.34
63.30,0.11,10349.07,1.35
63.40,0.11,10353.01,1.35
63.50,0.11,10357.68,1.36
63.60,0.11,10363.27,1.36
63.70,0.11,10367.07,1.37
63.80,0.11,10371.96,1.37
63.90,0.11,10375.81,1.38
64.00,0.11,10379.56,1.38
64.10,0.11,10385.42,1.39
64.20,0.11,10389.37,1.40
64.30,0.11,10394.03,1.40
64.40,0.11,10397.76,1.41
64.50,0.11,10401.71,1.41
64.60,0.11,10406.28,1.42
64.70,0.11,10411.31,1.42
64.80,0.11,10416.43,1.43
64.90,0.11,10418.79,1.43
65.00,0.11,10423.06,1.44
65.10,0.11,10427.89,1.44
65.20,0.11,10432.14,1.45
65.30,0.11,10438.09,1.45
65.40,0.11,10441.79,1.46
65.50,0.11,10444.89,1.46
65.60,0.11,10448.39,1.47
65.70,0.11,10453.06,1.47
65.80,0.11,10458.77,1.48
65.90,0.11,10462.48,1.48
66.00,0.11,10467.00,1.49
66.10,0.11,10470.79,1.50
66.20,0.11,10474.17,1.50
66.30,0.11,10479.64,1.51
66.40,0.11,10484.08,1.51
66.50,0.11,10489.28,1.52
66.60,0.11,10492.36,1.52
66.70,0.11,10496.37,1.53
66.80,0.11,10500.67,1.53
66.90,0.11,10504.06,1.54
67.00,0.11,10509.71,1.54
67.10,0.11,10513.66,1.55
67.20,0.11,10516.81,1.55
67.30,0.11,10521.50,1.56
67.40,0.11,10525.03,1.56
67.50,0.11,10530.57,1.57
67.60,0.11,10534.67,1.57
67.70,0.11,10538.04,1.58
67.80,0.11,10543.08,1.58
67.90,0.11,10546.33,1.59
68.00,0.11,10551.64,1.59
68.10,0.11,10555.42,1.60
68.20,0.11,10559.06,1.61
68.30,0.11,10563.33,1.61
68.40,0.11,10566.75,1.62
68.50,0.11,10572.00,1.62
68.60,0.11,10576.43,1.63
68.70,0.11,10581.21,1.63
68.80,0.11,10585.27,1.64
68.90,0.11,10588.48,1.64
69.00,0.12,10593.14,1.65
69.10,0.12,10597.00,1.65
69.20,0.12,10601.84,1.66
69.30,0.12,10606.72,1.66
69.40,0.12,10609.71,1.67
69.50,0.12,10613.47,1.67
69.60,0.12,10617.12,1.68
69.70,0.12,10622.12,1.68
69.80,0.12,10626.89,1.69
69.90,0.12,10630.99,1.69
70.00,0.12,10634.67,1.70
70.10,0.12,10637.04,1.70
70.20,0.12,10641.97,1.71
70.30,0.12,10646.52,1.71
70.40,0.12,10650.98,1.72
70.50,0.12,10655.42,1.72
70.60,0.12,10658.41,1.73
70.70,0.12,10662.96,1.74
70.80,0.12,10666.61,1.74
70.90,0.12,10671.26,1.75
71.00,0.12,10676.18,1.75
71.10,0.12,10678.77,1.76
71.20,0.12,10683.68,1.76
71.30,0.12,10686.89,1.77
71.40,0.12,10690.90,1.77
71.50,0.12,10696.62,1.78
71.60,0.12,10699.91,1.78
71.70,0.12,10704.23,1.79
71.80,0.12,10707.40,1.79
71.90,0.12,10711.27,1.80
72.00,0.12,10716.38,1.80
72.10,0.12,10720.12,1.81
72.20,0.12,10723.94,1.81
72.30,0.12,10726.52,1.82
72.40,0.12,10730.53,1.82
72.50,0.12,10735.50,1.83
72.60,0.12,10739.93,1.83
72.70,0.12,10744.86,1.84
72.80,0.12,10747.37,1.84
72.90,0.12,10751.09,1.85
73.00,0.12,10755.12,1.85
73.10,0.12,10758.98,1.86
73.20,0.12,10764.68,1.87
73.30,0.12,10767.38,1.87
73.40,0.12,10770.74,1.88
73.50,0.12,10774.87,1.88
73.60,0.12,10778.09,1.89
73.70,0.12,10784.06,1.89
73.80,0.12,10788.10,1.90
73.90,0.12,10792.21,1.90
74.00,0.12,10795.06,1.91
74.10,0.12,10798.11,1.91
74.20,0.12,10803.13,1.92
74.30,0.12,10807.12,1.92
74.40,0.12,10812.26,1.93
74.50,0.12,10814.71,1.93
74.60,0.12,10818.02,1.94
74.70,0.12,10821.86,1.94
74.80,0.12,10826.21,1.95
74.90,0.12,10831.78,1.95
75.00,0.13,10834.96,1.96
75.10,0.13,10838.36,1.96
75.20,0.13,10842.32,1.97
75.30,0.13,10845.63,1.97
75.40,0.13,10851.04,1.98
75.50,0.13,10854.85,1.98
75.60,0.13,10857.88,1.99
75.70,0.13,10861.68,1.99
75.80,0.13,10864.48,2.00
75.90,0.13,10869.20,2.00
76.00,0.13,10872.73,2.01
76.10,0.13,10877.09,2.02
76.20,0.13,10880.18,2.02
76.30,0.13,10883.52,2.03
76.40,0.13,10888.66,2.03
76.50,0.13,10892.29,2.04
76.60,0.13,10896.80,2.04
76.70,0.13,10900.45,2.05
76.80,0.13,10903.87,2.05
76.90,0.13,10908.55,2.06
77.00,0.13,10911.49,2.06
77.10,0.13,10916.31,2.07
77.20,0.13,10920.28,2.07
77.30,0.13,10922.71,2.08
77.40,0.13,10927.33,2.08
77.50,0.13,10930.22,2.09
77.60,0.13,10934.72,2.09
77.70,0.13,10939.32,2.10
77.80,0.13,10942.95,2.10
77.90,0.13,10946.68,2.11
78.00,0.13,10949.36,2.11
78.10,0.13,10953.37,2.12
78.20,0.13,10957.28,2.12
78.30,0.13,10961.25,2.13
78.40,0.13,10965.32,2.13
78.50,0.13,10967.94,2.14
78.60,0.13,10971.89,2.14
78.70,0.13,10975.52,2.15
78.80,0.13,10979.77,2.15
78.90,0.13,10985.02,2.16
79.00,0.13,10987.39,2.16
79.10,0.13,10991.51,2.17
79.20,0.13,10994.55,2.18
79.30,0.13,10998.54,2.18
79.40,0.13,11004.12,2.19
79.50,0.13,11007.33,2.19
79.60,0.13,11011.37,2.20
79.70,0.13,11013.21,2.20
79.80,0.13,11017.26,2.21
79.90,0.13,11021.06,2.21
80.00,0.13,11025.43,2.22
80.10,0.13,11029.50,2.22
80.20,0.13,11031.53,2.23
80.30,0.13,11035.47,2.23
80.40,0.13,11039.04,2.24
80.50,0.13,11043.03,2.24
80.60,0.13,11048.09,2.25
80.70,0.13,11050.69,2.25
80.80,0.13,11053.69,2.26
80.90,0.13,11057.53,2.26
81.00,0.14,11060.73,2.27
81.10,0.14,11066.12,2.27
81.20,0.14,11069.46,2.28
81.30,0.14,11072.74,2.28
81.40,0.14,11075.74,2.29
81.50,0.14,11079.27,2.29
81.60,0.14,11084.10,2.30
81.70,0.14,11087.54,2.30
81.80,0.14,11091.55,2.31
81.90,0.14,11093.92,2.31
82.00,0.14,11097.47,2.32
82.10,0.14,11101.81,2.33
82.20,0.14,11105.25,2.33
82.30,0.14,11109.67,2.34
82.40,0.14,11111.58,2.34
82.50,0.14,11114.41,2.35
82.60,0.14,11119.02,2.35
82.70,0.14,11122.34,2.36
82.80,0.14,11127.13,2.36
82.90,0.14,11130.22,2.37
83.00,0.14,11133.01,2.37
83.10,0.14,11137.13,2.38
83.20,0.14,11140.37,2.38
83.30,0.14,11145.52,2.39
83.40,0.14,11149.07,2.39
83.50,0.14,11152.27,2.40
83.60,0.14,11154.95,2.40
83.70,0.14,11158.02,2.41
83.80,0.14,11162.24,2.41
83.90,0.14,11165.98,2.42
84.00,0.14,11169.86,2.42
84.10,0.14,11172.97,2.43
84.20,0.14,11176.04,2.43
84.30,0.14,11180.73,2.44
84.40,0.14,11183.89,2.44
84.50,0.14,11188.25,2.45
84.60,0.14,11191.93,2.45
84.70,0.14,11193.88,2.46
84.80,0.14,11198.31,2.46
84.90,0.14,11200.75,2.47
85.00,0.14,11205.03,2.47
85.10,0.14,11208.90,2.48
85.20,0.14,11211.88,2.48
85.30,0.14,11215.23,2.49
85.40,0.14,11217.94,2.50
85.50,0.14,11222.15,2.50
85.60,0.14,11226.02,2.51
85.70,0.14,11229.84,2.51
85.80,0.14,11232.90,2.52
85.90,0.14,11236.26,2.52
86.00,0.14,11240.08,2.53
86.10,0.14,11243.54,2.53
86.20,0.14,11247.23,2.54
86.30,0.14,11250.45,2.54
86.40,0.14,11253.52,2.55
86.50,0.14,11257.72,2.55
86.60,0.14,11260.02,2.56
86.70,0.14,11264.19,2.56
86.80,0.14,11268.61,2.57
86.90,0.14,11270.47,2.57
87.00,0.15,11274.45,2.58
87.10,0.15,11276.96,2.58
87.20,0.15,11281.14,2.59
87.30,0.15,11285.64,2.59
87.40,0.15,11289.22,2.60
87.50,0.15,11292.32,2.60
87.60,0.15,11294.22,2.61
87.70,0.15,11297.67,2.61
87.80,0.15,11301.99,2.62
87.90,0.15,11305.24,2.62
88.00,0.15,11309.37,2.63
88.10,0.15,11311.27,2.63
88.20,0.15,11315.03,2.64
88.30,0.15,11318.74,2.64
88.40,0.15,11322.24,2.65
88.50,0.15,11327.17,2.66
88.60,0.15,11328.68,2.66
88.70,0.15,11332.28,2.67
88.80,0.15,11335.19,2.67
88.90,0.15,11338.07,2.68
89.00,0.15,11343.40,2.68
89.10,0.15,11346.16,2.69
89.20,0.15,11349.23,2.69
89.30,0.15,11352.12,2.70
89.40,0.15,11355.41,2.70
89.50,0.15,11359.60,2.71
89.60,0.15,11363.17,2.71
89.70,0.15,11366.92,2.72
89.80,0.15,11369.33,2.72
89.90,0.15,11372.31,2.73
90.00,0.15,11376.00,2.73
90.10,0.15,11379.08,2.74
90.20,0.15,11383.18,2.74
90.30,0.15,11385.55,2.75
90.40,0.15,11388.74,2.75
90.50,0.15,11392.10,2.76
90.60,0.15,11395.51,2.76
90.70,0.15,11400.56,2.77
90.80,0.15,11402.57,2.77
90.90,0.15,11405.11,2.78
91.00,0.15,11408.83,2.78
91.10,0.15,11411.30,2.79
91.20,0.15,11416.04,2.79
91.30,0.15,11419.60,2.80
91.40,0.15,11422.33,2.81
91.50,0.15,11424.94,2.81
91.60,0.15,11427.96,2.82
91.70,0.15,11431.50,2.82
91.80,0.15,11435.24,2.83
91.90,0.15,11439.85,2.83
92.00,0.15,11442.01,2.84
92.10,0.15,11444.79,2.84
92.20,0.15,11448.65,2.85
92.30,0.15,11450.93,2.85
92.40,0.15,11456.03,2.86
92.50,0.15,11458.59,2.86
92.60,0.15,11460.91,2.87
92.70,0.15,11464.59,2.87
92.80,0.15,11466.25,2.88
92.90,0.15,11470.80,2.88
93.00,0.16,11474.05,2.89
93.10,0.16,11476.21,2.89
93.20,0.16,11480.00,2.90
93.30,0.16,11482.88,2.90
93.40,0.16,11486.95,2.91
93.50,0.16,11490.53,2.91
93.60,0.16,11494.18,2.92
93.70,0.16,11496.98,2.93
93.80,0.16,11499.31,2.94
93.90,0.16,11503.06,2.94
94.00,0.16,11505.96,2.95
94.10,0.16,11509.61,2.96
94.20,0.16,11513.11,2.98
94.30,0.16,11514.75,2.98
94.40,0.16,11518.84,2.97
94.50,0.16,11521.34,2.97
94.60,0.16,11525.19,2.94
94.70,0.16,11529.13,2.15
94.80,0.16,11531.16,0.54
94.90,0.16,11534.52,0.41
95.00,0.16,11536.47,0.13
95.10,0.16,11539.85,0.02
95.20,0.16,11542.77,0.03
95.30,0.16,11546.26,0.03
95.40,0.16,11548.37,0.00
95.50,0.16,11550.76,-0.11
95.60,0.16,11554.70,-0.18
95.70,0.16,11558.27,-1.40
95.80,0.16,11561.80,-3.40
95.90,0.16,11565.88,-3.45
96.00,0.16,11567.61,-3.21
96.10,0.16,11571.20,-2.61
96.20,0.16,11574.46,-2.75
96.30,0.16,11577.35,-1.50
96.40,0.16,11581.82,-1.58
96.50,0.16,11583.76,-0.70
96.60,0.16,11587.02,-1.10
96.70,0.16,11589.49,-1.09
96.80,0.16,11592.48,-0.45
96.90,0.16,11596.36,-0.78
97.00,0.16,11599.39,-1.72
97.10,0.16,11602.92,-3.51
97.20,0.16,11604.81,-7.31
97.30,0.16,11607.55,-0.66
97.40,0.16,11611.01,-2.48
97.50,0.16,11614.31,-3.97
97.60,0.16,11618.17,-4.18
97.70,0.16,11619.55,-4.83
97.80,0.16,11622.69,-4.56
97.90,0.16,11626.26,-6.46
98.00,0.16,11628.71,-5.34
98.10,0.16,11633.50,-5.58
98.20,0.16,11635.30,-4.17
98.30,0.16,11637.91,-1.74
98.40,0.16,11641.76,-1.77
98.50,0.16,11644.50,-1.95
98.60,0.16,11648.88,-1.66
98.70,0.16,11650.93,-1.57
98.80,0.16,11653.51,-1.86
98.90,0.16,11656.53,-1.67
99.00,0.17,11659.22,-1.80
99.10,0.17,11663.04,-1.69
99.20,0.17,11666.17,-1.78
99.30,0.17,11668.91,-1.71
99.40,0.17,11671.01,-1.77
99.50,0.17,11673.31,-1.72
99.60,0.17,11677.38,-1.76
99.70,0.17,11680.49,-1.73
99.80,0.17,11684.92,-1.75
99.90,0.17,11686.96,-1.74
100.00,0.17,11689.34,-1.74
100.10,0.17,11693.62,-1.74
100.20,0.17,11695.55,-1.74
100.30,0.17,11700.14,-1.75
100.40,0.17,11701.90,-1.73
100.50,0.17,11703.86,-1.75
100.60,0.17,11706.85,-1.73
100.70,0.17,11709.43,-1.75
100.80,0.17,11713.52,-1.73
100.90,0.17,11716.94,-1.75
101.00,0.17,11719.15,-1.73
101.10,0.17,11721.88,-1.75
101.20,0.17,11724.22,-1.74
101.30,0.17,11727.85,-1.75
101.40,0.17,11730.87,-1.74
101.50,0.17,11734.13,-1.74
101.60,0.17,11736.55,-1.74
101.70,0.17,11738.28,-1.74
101.80,0.17,11742.18,-1.75
101.90,0.17,11744.57,-1.74
102.00,0.17,11748.59,-1.75
102.10,0.17,11751.18,-1.74
102.20,0.17,11753.09,-1.75
102.30,0.17,11756.81,-1.74
102.40,0.17,11758.86,-1.75
102.50,0.17,11762.59,-1.74
102.60,0.17,11766.32,-1.74
102.70,0.17,11768.12,-1.74
102.80,0.17,11771.07,-1.74
102.90,0.17,11773.12,-1.74
103.00,0.17,11776.66,-1.74
103.10,0.17,11780.12,-1.74
103.20,0.17,11782.55,-1.74
103.30,0.17,11785.89,-1.74
103.40,0.17,11787.35,-1.74
103.50,0.17,11790.43,-1.74
103.60,0.17,11793.69,-1.74
103.70,0.17,11796.63,-1.74
103.80,0.17,11800.01,-1.74
103.90,0.17,11801.44,-1.74
104.00,0.17,11805.06,-1.74
104.10,0.17,11807.86,-1.74
104.20,0.17,11810.78,-1.74
104.30,0.17,11814.51,-1.74
104.40,0.17,11816.15,-1.74
104.50,0.17,11818.98,-1.74
104.60,0.17,11821.77,-1.74
104.70,0.17,11824.38,-1.74
104.80,0.17,11828.70,-1.74
104.90,0.17,11831.33,-1.74
105.00,0.18,11833.88,-1.74
105.10,0.18,11836.11,-1.74
105.20,0.18,11838.89,-1.75
105.30,0.18,11842.89,-1.74
105.40,0.18,11845.49,-1.74
105.50,0.18,11848.34,-1.74
105.60,0.18,11849.13,-1.74
105.70,0.18,11851.88,-1.74
105.80,0.18,11854.67,-1.74
105.90,0.18,11858.25,-1.74
106.00,0.18,11862.51,-1.74
106.10,0.18,11863.44,-1.74
106.20,0.18,11866.57,-1.74
106.30,0.18,11868.90,-1.74
106.40,0.18,11871.85,-1.74
106.50,0.18,11876.59,-1.74
106.60,0.18,11879.08,-1.74
106.70,0.18,11881.18,-1.74
106.80,0.18,11883.71,-1.74
106.90,0.18,11885.17,-1.74
107.00,0.18,11889.37,-1.74
107.10,0.18,11892.29,-1.74
107.20,0.18,11895.05,-1.74
107.30,0.18,11896.40,-1.74
107.40,0.18,11898.80,-1.74
107.50,0.18,11902.08,-1.74
107.60,0.18,11904.81,-1.74
107.70,0.18,11908.70,-1.74
107.80,0.18,11909.53,-1.74
107.90,0.18,11912.51,-1.74
108.00,0.18,11915.59,-1.74
108.10,0.18,11917.92,-1.74
108.20,0.18,11921.81,-1.74
108.30,0.18,11923.63,-1.74
108.40,0.18,11924.90,-1.74
108.50,0.18,11928.76,-1.74
108.60,0.18,11931.05,-1.74
108.70,0.18,11935.48,-1.74
108.80,0.18,11938.13,-1.74
108.90,0.18,11940.04,-1.74
109.00,0.18,11942.39,-1.74
109.10,0.18,11944.50,-1.74
109.20,0.18,11948.19,-1.74
109.30,0.18,11950.54,-1.74
109.40,0.18,11954.35,-1.74
109.50,0.18,11955.61,-1.74
109.60,0.18,11957.43,-1.74
109.70,0.18,11961.01,-1.74
109.80,0.18,11963.28,-1.74
109.90,0.18,11966.45,-1.74
110.00,0.18,11969.77,-1.74
110.10,0.18,11971.36,-1.74
110.20,0.18,11974.09,-1.74
110.30,0.18,11976.58,-1.74
110.40,0.18,11980.33,-1.74
110.50,0.18,11983.14,-1.74
110.60,0.18,11984.98,-1.74
110.70,0.18,11987.52,-1.74
110.80,0.18,11989.02,-1.74
110.90,0.18,11993.04,-1.74
111.00,0.19,11995.52,-1.74
111.10,0.19,11998.41,-1.74
111.20,0.19,12001.15,-1.74
111.30,0.19,12002.66,-1.74
111.40,0.19,12006.27,-1.74
111.50,0.19,12008.44,-1.74
111.60,0.19,12011.41,-1.74
111.70,0.19,12014.67,-1.74
111.80,0.19,12015.73,-1.74
111.90,0.19,12018.37,-1.74
112.00,0.19,12020.85,-1.74
112.10,0.19,12023.46,-1.74
112.20,0.19,12026.65,-1.74
112.30,0.19,12028.48,-1.74
112.40,0.19,12031.15,-1.74
112.50,0.19,12033.30,-1.74
112.60,0.19,12036.52,-1.74
112.70,0.19,12040.08,-1.74
112.80,0.19,12042.20,-1.74
112.90,0.19,12044.37,-1.74
113.00,0.19,12045.67,-1.74
113.10,0.19,12048.77,-1.74
113.20,0.19,12051.31,-1.74
113.30,0.19,12054.72,-1.74
113.40,0.19,12057.76,-1.74
113.50,0.19,12058.15,-1.74
113.60,0.19,12061.04,-1.74
113.70,0.19,12063.81,-1.74
113.80,0.19,12066.76,-1.74
113.90,0.19,12070.86,-1.74
114.00,0.19,12071.78,-1.74
114.10,0.19,12074.16,-1.74
114.20,0.19,12076.77,-1.74
114.30,0.19,12078.86,-1.74
114.40,0.19,12083.35,-1.74
114.50,0.19,12085.42,-1.74
114.60,0.19,12087.45,-1.74
114.70,0.19,12089.07,-1.74
114.80,0.19,12091.14,-1.74
114.90,0.19,12094.88,-1.75
115.00,0.19,12097.82,-1.75
115.10,0.19,12100.96,-1.74
115.20,0.19,12101.91,-1.74
115.30,0.19,12104.01,-1.74
115.40,0.19,12106.55,-1.75
115.50,0.19,12109.74,-1.74
115.60,0.19,12113.61,-1.74
115.70,0.19,12114.33,-1.74
115.80,0.19,12116.28,-1.74
115.90,0.19,12119.08,-1.74
116.00,0.19,12120.89,-1.74
116.10,0.19,12124.76,-1.74
116.20,0.19,12126.78,-1.74
116.30,0.19,12128.65,-1.75
116.40,0.19,12131.04,-1.74
116.50,0.19,12133.15,-1.74
116.60,0.19,12137.07,-1.74
116.70,0.19,12139.22,-1.74
116.80,0.19,12141.83,-1.74
116.90,0.19,12143.56,-1.75
117.00,0.20,12145.49,-1.74
117.10,0.20,12148.54,-1.75
117.20,0.20,12151.13,-1.74
117.30,0.20,12154.40,-1.75
117.40,0.20,12155.35,-1.74
117.50,0.20,12157.20,-1.74
117.60,0.20,12160.00,-1.74
117.70,0.20,12161.82,-1.74
117.80,0.20,12165.96,-1.74
117.90,0.20,12168.40,-1.74
118.00,0.20,12169.36,-1.74
118.10,0.20,12172.27,-1.74
118.20,0.20,12173.80,-1.74
118.30,0.20,12177.69,-1.74
118.40,0.20,12180.41,-1.74
118.50,0.20,12182.49,-1.74
118.60,0.20,12184.95,-1.74
118.70,0.20,12186.23,-1.74
118.80,0.20,12189.94,-1.74
118.90,0.20,12192.68,-1.74
119.00,0.20,12195.14,-1.74
119.10,0.20,12197.47,-1.74
119.20,0.20,12198.88,-1.74
119.30,0.20,12201.66,-1.74
119.40,0.20,12203.27,-1.74
119.50,0.20,12206.48,-1.74
119.60,0.20,12209.33,-1.74
119.70,0.20,12210.14,-1.74
119.80,0.20,12212.98,-1.74
119.90,0.20,12214.46,-1.74
120.00,0.20,12217.04,-1.74
120.10,0.20,12220.91,-1.74
120.20,0.20,12221.71,-1.74
120.30,0.20,12224.64,-1.74
120.40,0.20,12226.60,-1.74
120.50,0.20,12229.34,-1.74
120.60,0.20,12232.29,-1.74
120.70,0.20,12234.50,-1.74
120.80,0.20,12237.39,-1.74
120.90,0.20,12238.59,-1.74
121.00,0.20,12241.26,-1.74
121.10,0.20,12243.31,-1.74
121.20,0.20,12246.22,-1.74
121.30,0.20,12248.76,-1.74
121.40,0.20,12250.15,-1.74
121.50,0.20,12252.82,-1.74
121.60,0.20,12254.97,-1.74
121.70,0.20,12257.42,-1.74
121.80,0.20,12260.92,-1.74
121.90,0.20,12262.01,-1.74
122.00,0.20,12264.53,-1.74
122.10,0.20,12266.52,-1.74
122.20,0.20,12268.94,-1.74
122.30,0.20,12272.42,-1.74
122.40,0.20,12274.18,-1.74
122.50,0.20,12276.38,-1.74
122.60,0.20,12277.08,-1.74
122.70,0.20,12279.44,-1.75
122.80,0.20,12282.09,-1.74
122.90,0.20,12284.59,-1.75
123.00,0.21,12287.87,-1.74
123.10,0.21,12288.13,-1.75
123.20,0.21,12290.29,-1.75
123.30,0.21,12293.11,-1.75
123.40,0.21,12295.71,-1.74
123.50,0.21,12299.53,-1.75
123.60,0.21,12300.07,-1.74
123.70,0.21,12302.02,-1.75
123.80,0.21,12304.38,-1.74
123.90,0.21,12305.94,-1.74
124.00,0.21,12310.25,-1.74
124.10,0.21,12311.85,-1.74
124.20,0.21,12313.70,-1.75
124.30,0.21,12316.06,-1.74
124.40,0.21,12318.18,-1.75
124.50,0.21,12321.21,-1.74
124.60,0.21,12323.04,-1.75
124.70,0.21,12325.30,-1.74
124.80,0.21,12326.31,-1.75
124.90,0.21,12328.12,-1.74
125.00,0.21,12331.25,-1.75
125.10,0.21,12333.38,-1.74
125.20,0.21,12336.30,-1.74
125.30,0.21,12338.38,-1.75
125.40,0.21,12339.44,-1.74
125.50,0.21,12342.70,-1.75
125.60,0.21,12344.80,-1.74
125.70,0.21,12347.86,-1.75
125.80,0.21,12349.91,-1.74
125.90,0.21,12351.21,-1.74
126.00,0.21,12353.62,-1.74
126.10,0.21,12355.12,-1.74
126.20,0.21,12358.50,-1.75
126.30,0.21,12359.67,-1.75
126.40,0.21,12361.52,-1.75
126.50,0.21,12362.77,-1.74
126.60,0.21,12365.12,-1.75
126.70,0.21,12368.37,-1.74
126.80,0.21,12370.91,-1.75
126.90,0.21,12373.65,-1.75
127.00,0.21,12374.89,-1.75
127.10,0.21,12376.20,-1.76
127.20,0.21,12379.35,-1.75
127.30,0.21,12380.81,-1.76
127.40,0.21,12383.90,-1.75
127.50,0.21,12386.84,-1.75
127.60,0.21,12387.17,-1.75
127.70,0.21,12390.27,-1.75
127.80,0.21,12391.09,-1.75
127.90,0.21,12394.08,-1.75
128.00,0.21,12397.17,-1.75
128.10,0.21,12398.60,-1.75
128.20,0.21,12401.19,-1.75
128.30,0.21,12402.21,-1.75
128.40,0.21,12404.45,-1.75
128.50,0.21,12406.69,-1.75
128.60,0.21,12409.29,-1.75
128.70,0.21,12410.89,-1.74
128.80,0.21,12411.88,-1.75
128.90,0.21,12414.51,-1.75
129.00,0.22,12416.68,-1.75
129.10,0.22,12419.14,-1.75
129.20,0.22,12422.46,-1.75
129.30,0.22,12422.92,-1.74
129.40,0.22,12425.74,-1.74
129.50,0.22,12427.62,-1.74
129.60,0.22,12429.89,-1.74
129.70,0.22,12433.43,-1.74
129.80,0.22,12434.34,-1.74
129.90,0.22,12436.70,-1.74
130.00,0.22,12437.90,-1.74
130.10,0.22,12439.69,-1.74
130.20,0.22,12442.44,-1.74
130.30,0.22,12445.11,-1.74
130.40,0.22,12447.05,-1.75
130.50,0.22,12448.32,-1.75
130.60,0.22,12449.94,-1.74
130.70,0.22,12452.42,-1.74
130.80,0.22,12454.85,-1.76
130.90,0.22,12457.71,-1.75
131.00,0.22,12458.30,-1.75
131.10,0.22,12460.24,-1.74
131.20,0.22,12462.80,-1.74
131.30,0.22,12464.95,-1.74
131.40,0.22,12468.72,-1.75
131.50,0.22,12468.92,-1.75
131.60,0.22,12470.50,-1.75
131.70,0.22,12472.40,-1.75
131.80,0.22,12474.50,-1.75
131.90,0.22,12478.03,-1.76
132.00,0.22,12479.80,-1.76
132.10,0.22,12481.71,-1.76
132.20,0.22,12482.86,-1.76
132.30,0.22,12484.44,-1.76
132.40,0.22,12487.54,-1.76
132.50,0.22,12489.72,-1.75
132.60,0.22,12492.18,-1.75
132.70,0.22,12493.16,-1.75
132.80,0.22,12494.19,-1.75
132.90,0.22,12497.00,-1.75
133.00,0.22,12498.93,-1.75
133.10,0.22,12502.44,-1.75
133.20,0.22,12503.44,-1.75
133.30,0.22,12504.84,-1.75
133.40,0.22,12507.54,-1.75
133.50,0.22,12508.79,-1.75
133.60,0.22,12512.29,-1.75
133.70,0.22,12514.00,-1.75
133.80,0.22,12515.19,-1.75
133.90,0.22,12517.17,-1.75
134.00,0.22,12518.97,-1.75
134.10,0.22,12522.05,-1.75
134.20,0.22,12523.73,-1.75
134.30,0.22,12525.83,-1.75
134.40,0.22,12527.28,-1.75
134.50,0.22,12528.56,-1.74
134.60,0.22,12531.55,-1.74
134.70,0.22,12533.10,-1.74
134.80,0.22,12535.54,-1.74
134.90,0.22,12537.39,-1.74
135.00,0.23,12538.29,-1.74
135.10,0.23,12541.34,-1.74
135.20,0.23,12542.34,-1.74
135.30,0.23,12545.48,-1.74
135.40,0.23,12547.68,-1.74
135.50,0.23,12547.80,-1.74
135.60,0.23,12550.58,-1.74
135.70,0.23,12551.75,-1.74
135.80,0.23,12554.36,-1.74
135.90,0.23,12557.39,-1.74
136.00,0.23,12559.24,-1.74
136.10,0.23,12560.54,-1.74
136.20,0.23,12561.86,-1.74
136.30,0.23,12564.95,-1.74
136.40,0.23,12566.74,-1.74
136.50,0.23,12569.32,-1.74
136.60,0.23,12571.44,-1.74
136.70,0.23,12571.42,-1.74
136.80,0.23,12573.46,-1.74
136.90,0.23,12575.63,-1.74
137.00,0.23,12577.96,-1.74
137.10,0.23,12580.36,-1.75
137.20,0.23,12580.91,-1.74
137.30,0.23,12582.77,-1.75
137.40,0.23,12583.70,-1.74
137.50,0.23,12585.96,-1.75
137.60,0.23,12588.97,-1.74
137.70,0.23,12590.55,-1.75
137.80,0.23,12592.44,-1.75
137.90,0.23,12593.88,-1.75
138.00,0.23,12595.80,-1.75
138.10,0.23,12597.97,-1.75
138.20,0.23,12600.22,-1.75
138.30,0.23,12602.31,-1.75
138.40,0.23,12602.86,-1.75
138.50,0.23,12605.17,-1.75
138.60,0.23,12607.55,-1.75
138.70,0.23,12609.39,-1.75
138.80,0.23,12612.61,-1.75
138.90,0.23,12612.75,-1.75
139.00,0.23,12615.04,-1.75
139.10,0.23,12616.78,-1.75
139.20,0.23,12618.81,-1.75
139.30,0.23,12622.10,-1.75
139.40,0.23,12622.51,-1.75
139.50,0.23,12624.03,-1.74
139.60,0.23,12625.90,-1.74
139.70,0.23,12627.55,-1.74
139.80,0.23,12630.99,-1.74
139.90,0.23,12632.61,-1.74
140.00,0.23,12634.35,-1.74
140.10,0.23,12634.86,-1.74
140.20,0.23,12636.19,-1.75
140.30,0.23,12639.18,-1.75
140.40,0.23,12641.15,-1.74
140.50,0.23,12643.97,-1.75
140.60,0.23,12644.31,-1.75
140.70,0.23,12645.47,-1.75
140.80,0.23,12648.31,-1.74
140.90,0.23,12650.01,-1.75
141.00,0.24,12652.99,-1.75
141.10,0.24,12654.51,-1.75
141.20,0.24,12655.78,-1.75
141.30,0.24,12657.33,-1.75
141.40,0.24,12658.96,-1.75
141.50,0.24,12662.22,-1.75
141.60,0.24,12663.84,-1.75
141.70,0.24,12665.00,-1.75
141.80,0.24,12666.45,-1.75
141.90,0.24,12667.61,-1.75
142.00,0.24,12669.76,-1.75
142.10,0.24,12672.15,-1.75
142.20,0.24,12674.50,-1.75
142.30,0.24,12675.43,-1.75
142.40,0.24,12677.31,-1.75
142.50,0.24,12679.58,-1.75
142.60,0.24,12680.70,-1.75
142.70,0.24,12683.51,-1.75
142.80,0.24,12684.78,-1.75
142.90,0.24,12685.85,-1.75
143.00,0.24,12688.24,-1.75
143.10,0.24,12689.05,-1.74
143.20,0.24,12692.05,-1.74
143.30,0.24,12693.62,-1.74
143.40,0.24,12694.39,-1.75
143.50,0.24,12696.39,-1.75
143.60,0.24,12697.57,-1.74
143.70,0.24,12700.69,-1.74
143.80,0.24,12702.84,-1.74
143.90,0.24,12703.99,-1.74
144.00,0.24,12705.88,-1.75
144.10,0.24,12706.83,-1.74
144.20,0.24,12709.52,-1.74
144.30,0.24,12711.07,-1.74
144.40,0.24,12713.18,-1.74
144.50,0.24,12715.15,-1.74
144.60,0.24,12715.52,-1.74
144.70,0.24,12717.85,-1.74
144.80,0.24,12719.12,-1.74
144.90,0.24,12721.19,-1.74
145.00,0.24,12724.42,-1.74
145.10,0.24,12725.01,-1.74
145.20,0.24,12726.78,-1.74
145.30,0.24,12727.54,-1.74
145.40,0.24,12729.71,-1.74
145.50,0.24,12732.72,-1.75
145.60,0.24,12734.07,-1.75
145.70,0.24,12735.85,-1.75
145.80,0.24,12736.63,-1.75
145.90,0.24,12737.99,-1.75
146.00,0.24,12740.48,-1.75
146.10,0.24,12742.45,-1.75
146.20,0.24,12744.32,-1.75
146.30,0.24,12745.32,-1.75
146.40,0.24,12748.03,-1.75
146.50,0.24,12749.19,-1.75
146.60,0.24,12751.27,-1.75
146.70,0.24,12754.66,-1.75
146.80,0.24,12754.59,-1.75
146.90,0.24,12756.84,-1.75
147.00,0.25,12757.42,-1.75
147.10,0.25,12759.29,-1.75
147.20,0.25,12761.62,-1.75
147.30,0.25,12762.97,-1.75
147.40,0.25,12764.75,-1.75
147.50,0.25,12765.90,-1.75
147.60,0.25,12767.26,-1.75
147.70,0.25,12770.25,-1.75
147.80,0.25,12772.37,-1.75
147.90,0.25,12773.83,-1.75
148.00,0.25,12774.21,-1.75
148.10,0.25,12775.35,-1.75
148.20,0.25,12777.76,-1.75
148.30,0.25,12780.23,-1.74
148.40,0.25,12782.98,-1.74
148.50,0.25,12782.63,-1.74
148.60,0.25,12784.41,-1.74
148.70,0.25,12785.95,-1.74
148.80,0.25,12787.55,-1.75
148.90,0.25,12791.38,-1.74
149.00,0.25,12791.84,-1.75
149.10,0.25,12793.25,-1.75
149.20,0.25,12795.13,-1.74
149.30,0.25,12796.27,-1.75
149.40,0.25,12799.56,-1.74
149.50,0.25,12800.66,-1.74
149.60,0.25,12801.57,-1.74
149.70,0.25,12802.76,-1.75
149.80,0.25,12803.74,-1.75
149.90,0.25,12806.72,-1.75
150.00,0.25,12808.65,-1.75
150.10,0.25,12811.04,-1.75
150.20,0.25,12811.41,-1.75
150.30,0.25,12811.96,-1.75
150.40,0.25,12814.07,-1.74
150.50,0.25,12816.01,-1.75
150.60,0.25,12819.48,-1.75
150.70,0.25,12820.37,-1.75
150.80,0.25,12820.86,-1.75
150.90,0.25,12822.24,-1.75
151.00,0.25,12823.72,-1.75
151.10,0.25,12826.07,-1.75
151.20,0.25,12828.43,-1.75
151.30,0.25,12828.76,-1.75
151.40,0.25,12830.47,-1.74
151.50,0.25,12831.82,-1.74
151.60,0.25,12834.49,-1.74
151.70,0.25,12835.81,-1.74
151.80,0.25,12838.06,-1.75
151.90,0.25,12839.47,-1.75
152.00,0.25,12839.53,-1.74
152.10,0.25,12842.33,-1.74
152.20,0.25,12843.14,-1.74
152.30,0.25,12845.28,-1.74
152.40,0.25,12846.82,-1.74
152.50,0.25,12847.58,-1.74
152.60,0.25,12850.04,-1.74
152.70,0.25,12851.37,-1.74
152.80,0.25,12853.66,-1.74
152.90,0.25,12855.57,-1.74
153.00,0.26,12855.78,-1.74
153.10,0.26,12857.54,-1.74
153.20,0.26,12858.56,-1.74
153.30,0.26,12860.40,-1.75
153.40,0.26,12863.19,-1.75
153.50,0.26,12864.48,-1.75
153.60,0.26,12865.65,-1.75
153.70,0.26,12865.84,-1.74
153.80,0.26,12867.93,-1.74
153.90,0.26,12869.74,-1.74
154.00,0.26,12871.99,-1.74
154.10,0.26,12873.87,-1.74
154.20,0.26,12873.62,-1.74
154.30,0.26,12875.88,-1.74
154.40,0.26,12877.17,-1.75
154.50,0.26,12879.02,-1.75
154.60,0.26,12881.85,-1.75
154.70,0.26,12882.01,-1.75
154.80,0.26,12883.93,-1.75
154.90,0.26,12885.17,-1.75
155.00,0.26,12886.10,-1.74
155.10,0.26,12889.83,-1.75
155.20,0.26,12890.79,-1.75
155.30,0.26,12892.25,-1.75
155.40,0.26,12893.11,-1.75
155.50,0.26,12894.34,-1.75
155.60,0.26,12897.10,-1.75
155.70,0.26,12899.02,-1.75
155.80,0.26,12900.66,-1.75
155.90,0.26,12900.72,-1.75
156.00,0.26,12902.10,-1.75
156.10,0.26,12903.72,-1.75
156.20,0.26,12905.60,-1.75
156.30,0.26,12908.31,-1.75
156.40,0.26,12908.10,-1.75
156.50,0.26,12909.24,-1.75
156.60,0.26,12910.95,-1.75
156.70,0.26,12912.41,-1.75
156.80,0.26,12915.20,-1.75
156.90,0.26,12916.16,-1.74
157.00,0.26,12917.42,-1.75
157.10,0.26,12919.43,-1.74
157.20,0.26,12920.03,-1.75
157.30,0.26,12923.25,-1.75
157.40,0.26,12924.07,-1.75
157.50,0.26,12925.10,-1.75
157.60,0.26,12925.94,-1.75
157.70,0.26,12927.11,-1.74
157.80,0.26,12929.24,-1.74
157.90,0.26,12931.32,-1.74
158.00,0.26,12933.83,-1.74
158.10,0.26,12933.35,-1.74
158.20,0.26,12934.37,-1.74
158.30,0.26,12936.70,-1.74
158.40,0.26,12938.30,-1.74
158.50,0.26,12940.91,-1.74
158.60,0.26,12941.89,-1.74
158.70,0.26,12941.91,-1.74
158.80,0.26,12943.15,-1.74
158.90,0.26,12944.42,-1.75
159.00,0.27,12947.30,-1.75
159.10,0.27,12948.72,-1.75
159.20,0.27,12949.80,-1.75
159.30,0.27,12951.40,-1.75
159.40,0.27,12952.01,-1.75
159.50,0.27,12954.57,-1.75
159.60,0.27,12956.29,-1.75
159.70,0.27,12958.19,-1.75
159.80,0.27,12959.00,-1.75
159.90,0.27,12959.97,-1.75
160.00,0.27,12961.83,-1.75
160.10,0.27,12962.67,-1.75
160.20,0.27,12965.13,-1.75
160.30,0.27,12966.49,-1.75
160.40,0.27,12966.84,-1.75
160.50,0.27,12968.89,-1.75
160.60,0.27,12969.51,-1.75
160.70,0.27,12971.94,-1.74
160.80,0.27,12974.23,-1.75
160.90,0.27,12974.05,-1.74
161.00,0.27,12976.46,-1.75
161.10,0.27,12977.37,-1.75
161.20,0.27,12979.29,-1.75
161.30,0.27,12981.24,-1.75
161.40,0.27,12981.93,-1.75
161.50,0.27,12983.56,-1.75
161.60,0.27,12984.45,-1.75
161.70,0.27,12986.27,-1.75
161.80,0.27,12987.92,-1.75
161.90,0.27,12989.88,-1.75
162.00,0.27,12990.81,-1.75
162.10,0.27,12991.33,-1.74
162.20,0.27,12994.01,-1.75
162.30,0.27,12994.74,-1.75
162.40,0.27,12996.41,-1.74
162.50,0.27,12999.07,-1.75
162.60,0.27,12998.49,-1.75
162.70,0.27,12999.96,-1.75
162.80,0.27,13001.18,-1.74
162.90,0.27,13002.74,-1.75
163.00,0.27,13005.37,-1.74
163.10,0.27,13006.85,-1.74
163.20,0.27,13008.10,-1.74
163.30,0.27,13008.13,-1.74
163.40,0.27,13009.98,-1.74
163.50,0.27,13012.12,-1.74
163.60,0.27,13014.06,-1.74
163.70,0.27,13015.09,-1.74
163.80,0.27,13015.32,-1.75
163.90,0.27,13016.59,-1.74
164.00,0.27,13017.63,-1.75
164.10,0.27,13019.90,-1.75
164.20,0.27,13022.16,-1.75
164.30,0.27,13022.00,-1.75
164.40,0.27,13024.03,-1.75
164.50,0.27,13025.65,-1.75
164.60,0.27,13026.05,-1.75
164.70,0.27,13029.53,-1.75
164.80,0.27,13029.75,-1.75
164.90,0.27,13030.88,-1.75
165.00,0.28,13032.10,-1.75
165.10,0.28,13033.37,-1.75
165.20,0.28,13035.50,-1.75
165.30,0.28,13036.44,-1.75
165.40,0.28,13037.97,-1.75
165.50,0.28,13038.45,-1.75
165.60,0.28,13039.71,-1.75
165.70,0.28,13041.82,-1.74
165.80,0.28,13042.85,-1.75
165.90,0.28,13045.39,-1.74
166.00,0.28,13045.44,-1.74
166.10,0.28,13045.90,-1.74
166.20,0.28,13048.50,-1.74
166.30,0.28,13049.73,-1.74
166.40,0.28,13052.06,-1.74
166.50,0.28,13052.37,-1.75
166.60,0.28,13052.63,-1.74
166.70,0.28,13054.26,-1.74
166.80,0.28,13055.70,-1.74
166.90,0.28,13058.54,-1.74
167.00,0.28,13059.76,-1.74
167.10,0.28,13060.89,-1.75
167.20,0.28,13060.95,-1.75
167.30,0.28,13062.18,-1.75
167.40,0.28,13065.55,-1.75
167.50,0.28,13065.85,-1.75
167.60,0.28,13068.12,-1.75
167.70,0.28,13068.30,-1.75
167.80,0.28,13068.45,-1.74
167.90,0.28,13070.77,-1.74
168.00,0.28,13072.25,-1.74
168.10,0.28,13074.71,-1.74
168.20,0.28,13075.65,-1.74
168.30,0.28,13076.01,-1.74
168.40,0.28,13077.72,-1.74
168.50,0.28,13078.12,-1.74
168.60,0.28,13080.46,-1.75
168.70,0.28,13082.17,-1.75
168.80,0.28,13082.38,-1.75
168.90,0.28,13083.72,-1.75
169.00,0.28,13084.61,-1.75
169.10,0.28,13086.74,-1.75
169.20,0.28,13088.00,-1.75
169.30,0.28,13089.72,-1.75
169.40,0.28,13090.37,-1.75
169.50,0.28,13090.85,-1.75
169.60,0.28,13093.35,-1.75
169.70,0.28,13094.63,-1.75
169.80,0.28,13096.10,-1.75
169.90,0.28,13097.79,-1.75
170.00,0.28,13097.73,-1.75
170.10,0.28,13100.05,-1.75
170.20,0.28,13100.26,-1.75
170.30,0.28,13102.20,-1.75
170.40,0.28,13104.76,-1.75
170.50,0.28,13104.23,-1.75
170.60,0.28,13106.33,-1.75
170.70,0.28,13106.77,-1.75
170.80,0.28,13108.14,-1.75
170.90,0.28,13110.93,-1.75
171.00,0.29,13111.89,-1.75
171.10,0.29,13112.55,-1.75
171.20,0.29,13113.07,-1.75
171.30,0.29,13114.65,-1.75
171.40,0.29,13115.99,-1.75
171.50,0.29,13117.86,-1.75
171.60,0.29,13119.41,-1.75
171.70,0.29,13119.30,-1.75
171.80,0.29,13120.56,-1.75
171.90,0.29,13122.07,-1.75
172.00,0.29,13123.56,-1.75
172.10,0.29,13126.51,-1.75
172.20,0.29,13126.38,-1.75
172.30,0.29,13127.99,-1.75
172.40,0.29,13128.77,-1.75
172.50,0.29,13129.36,-1.75
172.60,0.29,13132.86,-1.75
172.70,0.29,13132.81,-1.75
172.80,0.29,13134.45,-1.75
172.90,0.29,13134.76,-1.75
173.00,0.29,13135.57,-1.75
173.10,0.29,13137.23,-1.75
173.20,0.29,13139.06,-1.75
173.30,0.29,13140.32,-1.74
173.40,0.29,13140.23,-1.74
173.50,0.29,13141.54,-1.74
173.60,0.29,13143.05,-1.74
173.70,0.29,13144.83,-1.74
173.80,0.29,13147.74,-1.74
173.90,0.29,13147.52,-1.75
174.00,0.29,13147.99,-1.74
174.10,0.29,13149.67,-1.75
174.20,0.29,13150.28,-1.75
174.30,0.29,13153.23,-1.75
174.40,0.29,13153.43,-1.75
174.50,0.29,13154.21,-1.75
174.60,0.29,13155.15,-1.75
174.70,0.29,13156.33,-1.75
174.80,0.29,13159.33,-1.75
174.90,0.29,13160.13,-1.75
175.00,0.29,13161.31,-1.75
175.10,0.29,13161.80,-1.75
175.20,0.29,13162.74,-1.75
175.30,0.29,13164.82,-1.75
175.40,0.29,13165.58,-1.75
175.50,0.29,13167.98,-1.74
175.60,0.29,13167.73,-1.75
175.70,0.29,13168.25,-1.75
175.80,0.29,13170.82,-1.75
175.90,0.29,13171.52,-1.75
176.00,0.29,13174.32,-1.75
176.10,0.29,13175.29,-1.75
176.20,0.29,13175.25,-1.75
176.30,0.29,13176.85,-1.75
176.40,0.29,13177.23,-1.75
176.50,0.29,13179.48,-1.75
176.60,0.29,13181.59,-1.75
176.70,0.29,13181.89,-1.75
176.80,0.29,13182.81,-1.75
176.90,0.29,13183.75,-1.75
177.00,0.30,13184.97,-1.75
177.10,0.30,13186.48,-1.75
177.20,0.30,13187.51,-1.75
177.30,0.30,13188.34,-1.75
177.40,0.30,13189.16,-1.75
177.50,0.30,13190.92,-1.75
177.60,0.30,13191.44,-1.75
177.70,0.30,13193.85,-1.75
177.80,0.30,13194.97,-1.75
177.90,0.30,13194.55,-1.75
178.00,0.30,13197.35,-1.75
178.10,0.30,13197.38,-1.75
178.20,0.30,13199.11,-1.75
178.30,0.30,13201.38,-1.75
178.40,0.30,13201.53,-1.75
178.50,0.30,13202.71,-1.75
178.60,0.30,13202.99,-1.74
178.70,0.30,13204.47,-1.74
178.80,0.30,13206.54,-1.74
178.90,0.30,13207.74,-1.74
179.00,0.30,13208.67,-1.75
179.10,0.30,13209.41,-1.74
179.20,0.30,13210.40,-1.74
179.30,0.30,13211.92,-1.74
179.40,0.30,13213.36,-1.75
179.50,0.30,13214.78,-1.74
179.60,0.30,13214.28,-1.75
179.70,0.30,13216.15,-1.75
179.80,0.30,13216.65,-1.75
179.90,0.30,13217.80,-1.75
180.00,0.30,13220.64,-1.75
180.10,0.30,13220.36,-1.75
180.20,0.30,13221.82,-1.75
180.30,0.30,13222.50,-1.75
180.40,0.30,13223.57,-1.75
180.50,0.30,13225.88,-1.75
180.60,0.30,13226.85,-1.75
180.70,0.30,13228.17,-1.75
180.80,0.30,13228.31,-1.75
180.90,0.30,13229.15,-1.75
181.00,0.30,13231.23,-1.75
181.10,0.30,13232.37,-1.75
181.20,0.30,13234.06,-1.75
181.30,0.30,13233.64,-1.75
181.40,0.30,13234.36,-1.75
181.50,0.30,13236.14,-1.75
181.60,0.30,13237.15,-1.75
181.70,0.30,13239.65,-1.75
181.80,0.30,13239.74,-1.75
181.90,0.30,13240.39,-1.75
182.00,0.30,13241.22,-1.75
182.10,0.30,13242.51,-1.75
182.20,0.30,13244.74,-1.75
182.30,0.30,13245.95,-1.75
182.40,0.30,13246.64,-1.75
182.50,0.30,13247.19,-1.75
182.60,0.30,13248.20,-1.74
182.70,0.30,13249.52,-1.75
182.80,0.30,13250.73,-1.75
182.90,0.30,13252.60,-1.75
183.00,0.31,13252.61,-1.75
183.10,0.31,13253.32,-1.75
183.20,0.31,13255.36,-1.75
183.30,0.31,13255.68,-1.75
183.40,0.31,13257.91,-1.75
183.50,0.31,13258.03,-1.75
183.60,0.31,13258.73,-1.75
183.70,0.31,13260.49,-1.75
183.80,0.31,13260.99,-1.75
183.90,0.31,13263.78,-1.75
184.00,0.31,13264.15,-1.75
184.10,0.31,13264.05,-1.75
184.20,0.31,13265.63,-1.75
184.30,0.31,13266.56,-1.74
184.40,0.31,13268.66,-1.75
184.50,0.31,13270.73,-1.74
184.60,0.31,13270.76,-1.75
184.70,0.31,13271.25,-1.74
184.80,0.31,13271.96,-1.75
184.90,0.31,13273.78,-1.74
185.00,0.31,13274.39,-1.74
185.10,0.31,13276.31,-1.74
185.20,0.31,13276.96,-1.75
185.30,0.31,13276.96,-1.74
185.40,0.31,13278.93,-1.74
185.50,0.31,13279.04,-1.75
185.60,0.31,13281.59,-1.74
185.70,0.31,13282.64,-1.75
185.80,0.31,13282.77,-1.74
185.90,0.31,13284.20,-1.75
186.00,0.31,13283.93,-1.74
186.10,0.31,13285.73,-1.75
186.20,0.31,13287.87,-1.74
186.30,0.31,13288.22,-1.75
186.40,0.31,13289.60,-1.75
186.50,0.31,13289.69,-1.75
186.60,0.31,13290.76,-1.75
186.70,0.31,13292.42,-1.75
186.80,0.31,13293.47,-1.75
186.90,0.31,13295.00,-1.75
187.00,0.31,13294.89,-1.75
187.10,0.31,13296.93,-1.75
187.20,0.31,13297.41,-1.75
187.30,0.31,13298.45,-1.75
187.40,0.31,13300.42,-1.75
187.50,0.31,13300.03,-1.75
187.60,0.31,13301.46,-1.75
187.70,0.31,13302.00,-1.75
187.80,0.31,13303.85,-1.75
187.90,0.31,13305.98,-1.75
188.00,0.31,13306.06,-1.75
188.10,0.31,13307.59,-1.75
188.20,0.31,13307.28,-1.75
188.30,0.31,13307.79,-1.75
188.40,0.31,13310.08,-1.75
188.50,0.31,13311.01,-1.75
188.60,0.31,13311.51,-1.75
188.70,0.31,13312.22,-1.75
188.80,0.31,13313.68,-1.75
188.90,0.31,13315.26,-1.75
189.00,0.32,13316.63,-1.75
189.10,0.32,13318.22,-1.75
189.20,0.32,13317.57,-1.75
189.30,0.32,13318.81,-1.75
189.40,0.32,13320.27,-1.75
189.50,0.32,13321.21,-1.75
189.60,0.32,13323.37,-1.75
189.70,0.32,13323.28,-1.75
189.80,0.32,13323.98,-1.75
189.90,0.32,13324.43,-1.75
190.00,0.32,13325.57,-1.75
190.10,0.32,13328.16,-1.75
190.20,0.32,13328.36,-1.75
190.30,0.32,13329.40,-1.75
190.40,0.32,13329.97,-1.75
190.50,0.32,13330.24,-1.75
190.60,0.32,13332.71,-1.75
190.70,0.32,13333.78,-1.75
190.80,0.32,13335.28,-1.75
190.90,0.32,13334.72,-1.75
191.00,0.32,13335.83,-1.75
191.10,0.32,13337.51,-1.75
191.20,0.32,13338.01,-1.75
191.30,0.32,13340.42,-1.75
191.40,0.32,13340.44,-1.75
191.50,0.32,13340.81,-1.75
191.60,0.32,13342.55,-1.75
191.70,0.32,13343.02,-1.75
191.80,0.32,13345.47,-1.75
191.90,0.32,13346.16,-1.75
192.00,0.32,13346.38,-1.75
192.10,0.32,13347.46,-1.75
192.20,0.32,13347.83,-1.75
192.30,0.32,13349.63,-1.75
192.40,0.32,13350.98,-1.75
192.50,0.32,13351.68,-1.74
192.60,0.32,13352.36,-1.74
192.70,0.32,13352.92,-1.74
192.80,0.32,13355.21,-1.74
192.90,0.32,13355.68,-1.74
193.00,0.32,13357.81,-1.74
193.10,0.32,13357.32,-1.74
193.20,0.32,13357.09,-1.75
193.30,0.32,13359.68,-1.75
193.40,0.32,13359.91,-1.75
193.50,0.32,13362.37,-1.75
193.60,0.32,13362.68,-1.75
193.70,0.32,13362.36,-1.75
193.80,0.32,13363.25,-1.75
193.90,0.32,13364.15,-1.75
194.00,0.32,13365.58,-1.75
194.10,0.32,13367.26,-1.75
194.20,0.32,13367.83,-1.75
194.30,0.32,13368.16,-1.75
194.40,0.32,13368.34,-1.75
194.50,0.32,13370.00,-1.75
194.60,0.32,13371.18,-1.75
194.70,0.32,13372.21,-1.75
194.80,0.32,13373.43,-1.75
194.90,0.32,13373.31,-1.75
195.00,0.33,13374.98,-1.75
195.10,0.33,13375.47,-1.75
195.20,0.33,13376.96,-1.75
195.30,0.33,13378.18,-1.75
195.40,0.33,13377.95,-1.75
195.50,0.33,13379.93,-1.75
195.60,0.33,13380.42,-1.75
195.70,0.33,13381.84,-1.75
195.80,0.33,13383.65,-1.75
195.90,0.33,13383.95,-1.75
196.00,0.33,13384.93,-1.75
196.10,0.33,13384.75,-1.75
196.20,0.33,13386.63,-1.75
196.30,0.33,13388.38,-1.75
196.40,0.33,13388.55,-1.75
196.50,0.33,13389.73,-1.75
196.60,0.33,13388.76,-1.75
196.70,0.33,13389.89,-1.75
196.80,0.33,13392.03,-1.75
196.90,0.33,13393.20,-1.75
197.00,0.33,13394.90,-1.75
197.10,0.33,13393.67,-1.75
197.20,0.33,13394.85,-1.75
197.30,0.33,13396.71,-1.75
197.40,0.33,13397.85,-1.75
197.50,0.33,13399.92,-1.75
197.60,0.33,13399.75,-1.75
197.70,0.33,13399.77,-1.75
197.80,0.33,13400.23,-1.75
197.90,0.33,13401.05,-1.75
198.00,0.33,13403.62,-1.75
198.10,0.33,13404.80,-1.75
198.20,0.33,13405.20,-1.75
198.30,0.33,13405.19,-1.75
198.40,0.33,13405.52,-1.75
198.50,0.33,13407.84,-1.75
198.60,0.33,13409.05,-1.75
198.70,0.33,13410.37,-1.75
198.80,0.33,13409.03,-1.75
198.90,0.33,13409.93,-1.75
199.00,0.33,13410.95,-1.75
199.10,0.33,13413.11,-1.75
199.20,0.33,13415.25,-1.75
199.30,0.33,13414.25,-1.75
199.40,0.33,13414.55,-1.75
199.50,0.33,13415.80,-1.75
199.60,0.33,13416.32,-1.75
199.70,0.33,13418.94,-1.75
199.80,0.33,13419.84,-1.75
199.90,0.33,13419.59,-1.75
200.00,0.33,13420.29,-1.75
200.10,0.33,13420.40,-1.75
200.20,0.33,13423.07,-1.75
200.30,0.33,13423.92,-1.75
200.40,0.33,13425.16,-1.75
200.50,0.33,13424.53,-1.74
200.60,0.33,13424.93,-1.75
200.70,0.33,13426.97,-1.75
200.80,0.33,13427.64,-1.75
200.90,0.33,13429.45,-1.75
201.00,0.34,13429.21,-1.75
201.10,0.34,13429.31,-1.75
201.20,0.34,13430.87,-1.75
201.30,0.34,13431.37,-1.75
201.40,0.34,13433.46,-1.75
201.50,0.34,13433.80,-1.75
201.60,0.34,13432.88,-1.75
201.70,0.34,13434.71,-1.75
201.80,0.34,13435.12,-1.75
201.90,0.34,13437.29,-1.75
202.00,0.34,13439.06,-1.75
202.10,0.34,13438.80,-1.75
202.20,0.34,13439.47,-1.75
202.30,0.34,13439.51,-1.75
202.40,0.34,13441.36,-1.75
202.50,0.34,13442.78,-1.75
202.60,0.34,13444.23,-1.75
202.70,0.34,13444.16,-1.75
202.80,0.34,13444.12,-1.75
202.90,0.34,13445.35,-1.75
203.00,0.34,13445.93,-1.75
203.10,0.34,13447.44,-1.75
203.20,0.34,13449.06,-1.75
203.30,0.34,13448.54,-1.75
203.40,0.34,13450.21,-1.75
203.50,0.34,13450.46,-1.74
203.60,0.34,13452.48,-1.74
203.70,0.34,13454.43,-1.74
203.80,0.34,13453.91,-1.74
203.90,0.34,13454.92,-1.74
204.00,0.34,13454.44,-1.74
204.10,0.34,13455.16,-1.75
204.20,0.34,13456.89,-1.74
204.30,0.34,13458.32,-1.75
204.40,0.34,13458.93,-1.75
204.50,0.34,13458.39,-1.75
204.60,0.34,13459.48,-1.75
204.70,0.34,13459.87,-1.75
204.80,0.34,13461.55,-1.75
204.90,0.34,13463.34,-1.75
205.00,0.34,13462.87,-1.75
205.10,0.34,13463.96,-1.75
205.20,0.34,13464.90,-1.75
205.30,0.34,13464.97,-1.75
205.40,0.34,13467.53,-1.75
205.50,0.34,13467.60,-1.75
205.60,0.34,13468.64,-1.75
205.70,0.34,13468.72,-1.75
205.80,0.34,13469.31,-1.75
205.90,0.34,13471.80,-1.75
206.00,0.34,13472.28,-1.75
206.10,0.34,13473.21,-1.75
206.20,0.34,13472.79,-1.75
206.30,0.34,13473.84,-1.75
206.40,0.34,13474.70,-1.75
206.50,0.34,13476.44,-1.74
206.60,0.34,13477.91,-1.75
206.70,0.34,13476.53,-1.74
206.80,0.34,13477.01,-1.75
206.90,0.34,13478.54,-1.75
207.00,0.35,13479.13,-1.74
207.10,0.35,13481.38,-1.74
207.20,0.35,13481.07,-1.74
207.30,0.35,13480.90,-1.74
207.40,0.35,13481.55,-1.74
207.50,0.35,13482.62,-1.74
207.60,0.35,13485.25,-1.75
207.70,0.35,13486.08,-1.74
207.80,0.35,13486.26,-1.74
207.90,0.35,13486.19,-1.75
208.00,0.35,13486.41,-1.74
208.10,0.35,13488.80,-1.74
208.20,0.35,13489.49,-1.75
208.30,0.35,13491.11,-1.75
208.40,0.35,13490.59,-1.74
208.50,0.35,13490.87,-1.74
208.60,0.35,13492.40,-1.75
208.70,0.35,13493.03,-1.75
208.80,0.35,13495.28,-1.75
208.90,0.35,13495.17,-1.75
209.00,0.35,13494.51,-1.75
209.10,0.35,13496.51,-1.75
209.20,0.35,13496.29,-1.75
209.30,0.35,13497.54,-1.75
209.40,0.35,13498.50,-1.75
209.50,0.35,13498.54,-1.75
209.60,0.35,13499.13,-1.75
209.70,0.35,13499.91,-1.75
209.80,0.35,13501.31,-1.75
209.90,0.35,13502.27,-1.75
210.00,0.35,13503.45,-1.75
210.10,0.35,13503.30,-1.75
210.20,0.35,13503.68,-1.75
210.30,0.35,13505.08,-1.75
210.40,0.35,13506.14,-1.75
210.50,0.35,13507.38,-1.75
210.60,0.35,13507.53,-1.75
210.70,0.35,13507.64,-1.75
210.80,0.35,13509.16,-1.75
210.90,0.35,13509.12,-1.74
211.00,0.35,13510.85,-1.75
211.10,0.35,13512.18,-1.75
211.20,0.35,13511.07,-1.74
211.30,0.35,13512.15,-1.75
211.40,0.35,13512.29,-1.75
211.50,0.35,13514.48,-1.74
211.60,0.35,13516.44,-1.75
211.70,0.35,13516.94,-1.75
211.80,0.35,13516.98,-1.75
211.90,0.35,13516.42,-1.75
212.00,0.35,13517.68,-1.75
212.10,0.35,13519.34,-1.75
212.20,0.35,13520.16,-1.75
212.30,0.35,13521.32,-1.75
212.40,0.35,13520.73,-1.75
212.50,0.35,13521.49,-1.75
212.60,0.35,13522.07,-1.75
212.70,0.35,13523.86,-1.75
212.80,0.35,13525.82,-1.74
212.90,0.35,13524.72,-1.75
213.00,0.36,13526.10,-1.75
213.10,0.36,13526.23,-1.75
213.20,0.36,13526.46,-1.75
213.30,0.36,13528.84,-1.75
213.40,0.36,13528.27,-1.74
213.50,0.36,13529.25,-1.75
213.60,0.36,13529.42,-1.75
213.70,0.36,13530.56,-1.75
213.80,0.36,13532.01,-1.74
213.90,0.36,13532.84,-1.75
214.00,0.36,13534.00,-1.74
214.10,0.36,13532.99,-1.75
214.20,0.36,13534.06,-1.75
214.30,0.36,13535.38,-1.75
214.40,0.36,13536.35,-1.74
214.50,0.36,13537.29,-1.75
214.60,0.36,13536.68,-1.75
214.70,0.36,13537.41,-1.74
214.80,0.36,13538.10,-1.75
214.90,0.36,13539.38,-1.75
215.00,0.36,13541.56,-1.75
215.10,0.36,13540.55,-1.75
215.20,0.36,13541.33,-1.75
215.30,0.36,13541.62,-1.75
215.40,0.36,13542.17,-1.75
215.50,0.36,13544.18,-1.75
215.60,0.36,13544.86,-1.75
215.70,0.36,13545.31,-1.75
215.80,0.36,13544.95,-1.75
215.90,0.36,13546.00,-1.75
216.00,0.36,13547.58,-1.75
216.10,0.36,13548.93,-1.75
216.20,0.36,13550.55,-1.75
216.30,0.36,13549.93,-1.75
216.40,0.36,13549.93,-1.75
216.50,0.36,13550.98,-1.75
216.60,0.36,13551.40,-1.75
216.70,0.36,13553.64,-1.75
216.80,0.36,13552.92,-1.75
216.90,0.36,13553.10,-1.75
217.00,0.36,13554.44,-1.75
217.10,0.36,13554.09,-1.75
217.20,0.36,13556.46,-1.75
217.30,0.36,13557.24,-1.75
217.40,0.36,13556.63,-1.75
217.50,0.36,13557.85,-1.75
217.60,0.36,13558.37,-1.75
217.70,0.36,13559.64,-1.75
217.80,0.36,13560.33,-1.75
217.90,0.36,13561.41,-1.75
218.00,0.36,13561.49,-1.75
218.10,0.36,13561.48,-1.75
218.20,0.36,13562.89,-1.74
218.30,0.36,13563.32,-1.75
218.40,0.36,13564.76,-1.74
218.50,0.36,13564.81,-1.75
218.60,0.36,13564.57,-1.75
218.70,0.36,13566.69,-1.75
218.80,0.36,13566.76,-1.74
218.90,0.36,13568.54,-1.75
219.00,0.37,13569.29,-1.75
219.10,0.37,13568.27,-1.75
219.20,0.37,13569.79,-1.74
219.30,0.37,13569.35,-1.75
219.40,0.37,13570.73,-1.75
219.50,0.37,13571.71,-1.75
219.60,0.37,13572.05,-1.75
219.70,0.37,13572.02,-1.75
219.80,0.37,13572.68,-1.75
219.90,0.37,13573.61,-1.75
220.00,0.37,13574.79,-1.75
220.10,0.37,13576.32,-1.75
220.20,0.37,13576.34,-1.75
220.30,0.37,13575.59,-1.75
220.40,0.37,13577.60,-1.75
220.50,0.37,13577.83,-1.75
220.60,0.37,13579.09,-1.75
220.70,0.37,13580.85,-1.75
220.80,0.37,13580.02,-1.75
220.90,0.37,13581.47,-1.75
221.00,0.37,13581.14,-1.75
221.10,0.37,13582.35,-1.75
221.20,0.37,13584.08,-1.75
221.30,0.37,13584.04,-1.75
221.40,0.37,13585.00,-1.75
221.50,0.37,13584.69,-1.75
221.60,0.37,13584.99,-1.75
221.70,0.37,13586.29,-1.75
221.80,0.37,13587.31,-1.75
221.90,0.37,13588.11,-1.75
222.00,0.37,13587.09,-1.75
222.10,0.37,13588.01,-1.75
222.20,0.37,13589.33,-1.75
222.30,0.37,13589.77,-1.74
222.40,0.37,13592.40,-1.75
222.50,0.37,13591.58,-1.74
222.60,0.37,13591.84,-1.75
222.70,0.37,13593.23,-1.74
222.80,0.37,13593.78,-1.74
222.90,0.37,13595.12,-1.74
223.00,0.37,13595.25,-1.74
223.10,0.37,13595.42,-1.74
223.20,0.37,13595.80,-1.74
223.30,0.37,13596.46,-1.74
223.40,0.37,13597.84,-1.74
223.50,0.37,13598.83,-1.74
223.60,0.37,13599.57,-1.74
223.70,0.37,13598.69,-1.74
223.80,0.37,13598.97,-1.74
223.90,0.37,13600.63,-1.75
224.00,0.37,13601.05,-1.74
224.10,0.37,13603.00,-1.75
224.20,0.37,13602.32,-1.74
224.30,0.37,13602.48,-1.75
224.40,0.37,13604.29,-1.75
224.50,0.37,13604.31,-1.74
224.60,0.37,13606.47,-1.75
224.70,0.37,13605.75,-1.74
224.80,0.37,13605.44,-1.75
224.90,0.37,13605.47,-1.74
225.00,0.38,13606.56,-1.75
225.10,0.38,13608.22,-1.75
225.20,0.38,13608.90,-1.75
225.30,0.38,13609.10,-1.74
225.40,0.38,13609.22,-1.74
225.50,0.38,13609.82,-1.74
225.60,0.38,13611.17,-1.75
225.70,0.38,13612.12,-1.74
225.80,0.38,13613.07,-1.74
225.90,0.38,13612.80,-1.74
226.00,0.38,13612.54,-1.74
226.10,0.38,13614.07,-1.74
226.20,0.38,13614.15,-1.74
226.30,0.38,13616.35,-1.74
226.40,0.38,13616.38,-1.74
226.50,0.38,13615.92,-1.75
226.60,0.38,13617.47,-1.75
226.70,0.38,13617.38,-1.75
226.80,0.38,13619.06,-1.75
226.90,0.38,13620.10,-1.75
227.00,0.38,13619.82,-1.75
227.10,0.38,13620.33,-1.75
227.20,0.38,13620.64,-1.75
227.30,0.38,13621.96,-1.75
227.40,0.38,13622.65,-1.75
227.50,0.38,13623.06,-1.75
227.60,0.38,13623.39,-1.75
227.70,0.38,13623.08,-1.75
227.80,0.38,13624.30,-1.75
227.90,0.38,13624.81,-1.75
228.00,0.38,13626.03,-1.75
228.10,0.38,13626.40,-1.75
228.20,0.38,13625.82,-1.75
228.30,0.38,13627.45,-1.75
228.40,0.38,13627.43,-1.75
228.50,0.38,13629.10,-1.75
228.60,0.38,13630.03,-1.75
228.70,0.38,13629.68,-1.75
228.80,0.38,13630.67,-1.75
228.90,0.38,13630.87,-1.75
229.00,0.38,13631.37,-1.75
229.10,0.38,13633.26,-1.75
229.20,0.38,13633.45,-1.75
229.30,0.38,13633.64,-1.75
229.40,0.38,13633.35,-1.75
229.50,0.38,13634.05,-1.75
229.60,0.38,13635.35,-1.75
229.70,0.38,13636.05,-1.75
229.80,0.38,13637.05,-1.75
229.90,0.38,13635.65,-1.75
230.00,0.38,13636.32,-1.75
230.10,0.38,13637.04,-1.75
230.20,0.38,13638.45,-1.75
230.30,0.38,13640.08,-1.75
230.40,0.38,13639.26,-1.75
230.50,0.38,13639.78,-1.75
230.60,0.38,13640.03,-1.75
230.70,0.38,13640.92,-1.75
230.80,0.38,13643.11,-1.75
230.90,0.38,13643.42,-1.75
231.00,0.39,13643.72,-1.75
231.10,0.39,13643.82,-1.75
231.20,0.39,13643.84,-1.75
231.30,0.39,13645.06,-1.75
231.40,0.39,13645.76,-1.75
231.50,0.39,13646.87,-1.75
231.60,0.39,13646.20,-1.74
231.70,0.39,13646.54,-1.74
231.80,0.39,13648.22,-1.75
231.90,0.39,13648.97,-1.74
232.00,0.39,13650.57,-1.75
232.10,0.39,13649.03,-1.75
232.20,0.39,13649.61,-1.75
232.30,0.39,13650.12,-1.75
232.40,0.39,13651.09,-1.75
232.50,0.39,13653.28,-1.75
232.60,0.39,13652.46,-1.75
232.70,0.39,13652.05,-1.75
232.80,0.39,13652.82,-1.75
232.90,0.39,13652.89,-1.75
233.00,0.39,13655.26,-1.75
233.10,0.39,13656.13,-1.75
233.20,0.39,13655.94,-1.75
233.30,0.39,13656.18,-1.75
233.40,0.39,13656.22,-1.75
233.50,0.39,13657.43,-1.75
233.60,0.39,13658.32,-1.75
233.70,0.39,13659.87,-1.75
233.80,0.39,13658.94,-1.75
233.90,0.39,13658.86,-1.75
234.00,0.39,13660.50,-1.75
234.10,0.39,13660.47,-1.75
234.20,0.39,13662.44,-1.75
234.30,0.39,13661.83,-1.75
234.40,0.39,13661.32,-1.75
234.50,0.39,13662.36,-1.75
234.60,0.39,13662.45,-1.75
234.70,0.39,13664.97,-1.75
234.80,0.39,13665.72,-1.75
234.90,0.39,13664.95,-1.75
235.00,0.39,13665.14,-1.75
235.10,0.39,13664.60,-1.75
235.20,0.39,13665.98,-1.75
235.30,0.39,13667.28,-1.75
235.40,0.39,13667.77,-1.75
235.50,0.39,13667.60,-1.75
235.60,0.39,13667.83,-1.75
235.70,0.39,13668.94,-1.75
235.80,0.39,13668.86,-1.75
235.90,0.39,13670.65,-1.74
236.00,0.39,13671.17,-1.75
236.10,0.39,13670.16,-1.74
236.20,0.39,13671.60,-1.75
236.30,0.39,13671.94,-1.74
236.40,0.39,13672.74,-1.75
236.50,0.39,13673.85,-1.74
236.60,0.39,13673.35,-1.75
236.70,0.39,13673.88,-1.74
236.80,0.39,13674.07,-1.75
236.90,0.39,13675.46,-1.75
237.00,0.40,13677.13,-1.75
237.10,0.40,13677.17,-1.75
237.20,0.40,13677.91,-1.75
237.30,0.40,13677.13,-1.75
237.40,0.40,13678.40,-1.75
237.50,0.40,13679.10,-1.75
237.60,0.40,13679.74,-1.75
237.70,0.40,13680.45,-1.75
237.80,0.40,13678.80,-1.75
237.90,0.40,13679.83,-1.75
238.00,0.40,13680.72,-1.75
238.10,0.40,13681.16,-1.75
238.20,0.40,13683.68,-1.75
238.30,0.40,13683.32,-1.75
238.40,0.40,13683.47,-1.75
238.50,0.40,13682.90,-1.75
238.60,0.40,13683.67,-1.75
238.70,0.40,13685.60,-1.75
238.80,0.40,13685.70,-1.75
238.90,0.40,13685.69,-1.75
239.00,0.40,13685.62,-1.75
239.10,0.40,13685.45,-1.75
239.20,0.40,13686.91,-1.75
239.30,0.40,13687.67,-1.75
239.40,0.40,13688.87,-1.75
239.50,0.40,13688.31,-1.75
239.60,0.40,13688.64,-1.75
239.70,0.40,13688.75,-1.75
239.80,0.40,13689.29,-1.75
239.90,0.40,13691.43,-1.75
240.00,0.40,13690.34,-1.75
240.10,0.40,13690.50,-1.75
240.20,0.40,13691.51,-1.75
240.30,0.40,13691.52,-1.75
240.40,0.40,13693.18,-1.75
240.50,0.40,13693.13,-1.75
240.60,0.40,13692.93,-1.75
240.70,0.40,13693.17,-1.75
240.80,0.40,13693.74,-1.75
240.90,0.40,13695.40,-1.75
241.00,0.40,13696.30,-1.75
241.10,0.40,13696.63,-1.75
241.20,0.40,13696.46,-1.75
241.30,0.40,13696.54,-1.75
241.40,0.40,13697.69,-1.75
241.50,0.40,13698.32,-1.75
241.60,0.40,13699.89,-1.75
241.70,0.40,13698.66,-1.75
241.80,0.40,13698.55,-1.75
241.90,0.40,13699.34,-1.75
242.00,0.40,13699.63,-1.75
242.10,0.40,13702.44,-1.75
242.20,0.40,13702.32,-1.75
242.30,0.40,13701.49,-1.75
242.40,0.40,13702.07,-1.75
242.50,0.40,13702.13,-1.75
242.60,0.40,13703.60,-1.75
242.70,0.40,13704.32,-1.75
242.80,0.40,13704.22,-1.75
242.90,0.40,13704.19,-1.75
243.00,0.40,13703.95,-1.75
243.10,0.41,13705.33,-1.75
243.20,0.41,13706.15,-1.75
243.30,0.41,13707.29,-1.75
243.40,0.41,13707.42,-1.75
243.50,0.41,13707.23,-1.75
243.60,0.41,13707.86,-1.75
243.70,0.41,13707.62,-1.75
243.80,0.41,13709.83,-1.75
243.90,0.41,13710.37,-1.75
244.00,0.41,13709.35,-1.75
244.10,0.41,13710.29,-1.75
244.20,0.41,13709.76,-1.75
244.30,0.41,13710.86,-1.75
244.40,0.41,13712.61,-1.75
244.50,0.41,13711.81,-1.75
244.60,0.41,13712.19,-1.75
244.70,0.41,13712.06,-1.75
244.80,0.41,13713.10,-1.75
244.90,0.41,13713.84,-1.75
245.00,0.41,13714.29,-1.75
245.10,0.41,13715.33,-1.75
245.20,0.41,13714.54,-1.75
245.30,0.41,13715.62,-1.75
245.40,0.41,13715.43,-1.75
245.50,0.41,13716.60,-1.75
245.60,0.41,13717.05,-1.75
245.70,0.41,13717.04,-1.75
245.80,0.41,13717.81,-1.75
245.90,0.41,13717.91,-1.75
246.00,0.41,13718.84,-1.75
246.10,0.41,13720.41,-1.75
246.20,0.41,13719.73,-1.75
246.30,0.41,13720.64,-1.75
246.40,0.41,13720.62,-1.75
246.50,0.41,13720.90,-1.75
246.60,0.41,13723.05,-1.75
246.70,0.41,13722.71,-1.75
246.80,0.41,13722.99,-1.75
246.90,0.41,13722.28,-1.75
247.00,0.41,13723.07,-1.75
247.10,0.41,13723.34,-1.75
247.20,0.41,13724.15,-1.75
247.30,0.41,13725.77,-1.75
247.40,0.41,13724.75,-1.75
247.50,0.41,13725.35,-1.75
247.60,0.41,13725.79,-1.75
247.70,0.41,13726.66,-1.74
247.80,0.41,13728.45,-1.74
247.90,0.41,13727.39,-1.74
248.00,0.41,13727.64,-1.74
248.10,0.41,13727.81,-1.74
248.20,0.41,13727.62,-1.74
248.30,0.41,13730.40,-1.74
248.40,0.41,13729.91,-1.74
248.50,0.41,13729.83,-1.74
248.60,0.41,13730.20,-1.74
248.70,0.41,13730.24,-1.74
248.80,0.41,13731.30,-1.74
248.90,0.41,13732.18,-1.74
249.00,0.42,13733.09,-1.74
249.10,0.42,13732.29,-1.74
249.20,0.42,13732.70,-1.75
249.30,0.42,13733.15,-1.74
249.40,0.42,13733.69,-1.74
249.50,0.42,13735.10,-1.74
249.60,0.42,13734.27,-1.74
249.70,0.42,13734.02,-1.75
249.80,0.42,13735.38,-1.75
249.90,0.42,13735.42,-1.75
250.00,0.42,13737.42,-1.75
250.10,0.42,13736.65,-1.75
250.20,0.42,13735.99,-1.75
250.30,0.42,13737.26,-1.75
250.40,0.42,13736.97,-1.75
250.50,0.42,13738.68,-1.75
250.60,0.42,13738.70,-1.75
250.70,0.42,13738.92,-1.75
250.80,0.42,13738.81,-1.75
250.90,0.42,13739.35,-1.75
251.00,0.42,13740.12,-1.75
251.10,0.42,13740.85,-1.75
251.20,0.42,13741.58,-1.75
251.30,0.42,13740.79,-1.75
251.40,0.42,13740.64,-1.75
251.50,0.42,13742.22,-1.75
251.60,0.42,13742.60,-1.75
251.70,0.42,13743.61,-1.75
251.80,0.42,13743.98,-1.75
251.90,0.42,13742.89,-1.75
252.00,0.42,13744.36,-1.75
252.10,0.42,13744.23,-1.75
252.20,0.42,13745.93,-1.75
252.30,0.42,13746.27,-1.75
252.40,0.42,13746.08,-1.75
252.50,0.42,13746.20,-1.75
252.60,0.42,13745.62,-1.75
252.70,0.42,13747.26,-1.75
252.80,0.42,13747.75,-1.75
252.90,0.42,13748.64,-1.75
253.00,0.42,13748.83,-1.75
253.10,0.42,13747.63,-1.75
253.20,0.42,13748.62,-1.75
253.30,0.42,13748.71,-1.75
253.40,0.42,13749.19,-1.75
253.50,0.42,13750.66,-1.75
253.60,0.42,13749.64,-1.75
253.70,0.42,13750.48,-1.75
253.80,0.42,13750.73,-1.75
253.90,0.42,13750.81,-1.75
254.00,0.42,13752.55,-1.75
254.10,0.42,13752.16,-1.75
254.20,0.42,13753.06,-1.75
254.30,0.42,13753.02,-1.75
254.40,0.42,13753.69,-1.75
254.50,0.42,13754.57,-1.75
254.60,0.42,13754.49,-1.75
254.70,0.42,13754.58,-1.75
254.80,0.42,13754.21,-1.75
254.90,0.42,13754.69,-1.75
255.00,0.43,13755.29,-1.75
255.10,0.43,13756.22,-1.75
255.20,0.43,13756.71,-1.75
255.30,0.43,13755.84,-1.75
255.40,0.43,13756.87,-1.75
255.50,0.43,13757.07,-1.75
255.60,0.43,13757.43,-1.75
255.70,0.43,13759.60,-1.75
255.80,0.43,13757.82,-1.75
255.90,0.43,13757.75,-1.75
256.00,0.43,13758.28,-1.75
256.10,0.43,13758.91,-1.75
256.20,0.43,13760.48,-1.75
256.30,0.43,13761.02,-1.75
256.40,0.43,13761.22,-1.75
256.50,0.43,13760.59,-1.75
256.60,0.43,13760.42,-1.75
256.70,0.43,13761.83,-1.75
256.80,0.43,13762.73,-1.75
256.90,0.43,13763.47,-1.75
257.00,0.43,13763.01,-1.75
257.10,0.43,13762.47,-1.75
257.20,0.43,13763.27,-1.75
257.30,0.43,13763.67,-1.75
257.40,0.43,13765.44,-1.75
257.50,0.43,13764.38,-1.75
257.60,0.43,13764.61,-1.75
257.70,0.43,13765.53,-1.75
257.80,0.43,13765.04,-1.75
257.90,0.43,13767.29,-1.75
258.00,0.43,13767.19,-1.75
258.10,0.43,13766.97,-1.75
258.20,0.43,13767.10,-1.75
258.30,0.43,13767.48,-1.75
258.40,0.43,13768.50,-1.75
258.50,0.43,13768.61,-1.75
258.60,0.43,13768.84,-1.75
258.70,0.43,13769.03,-1.75
258.80,0.43,13768.54,-1.75
258.90,0.43,13769.96,-1.75
259.00,0.43,13770.43,-1.75
259.10,0.43,13771.68,-1.75
259.20,0.43,13770.97,-1.75
259.30,0.43,13770.29,-1.75
259.40,0.43,13771.51,-1.75
259.50,0.43,13771.72,-1.75
259.60,0.43,13773.30,-1.75
259.70,0.43,13773.06,-1.75
259.80,0.43,13771.74,-1.75
259.90,0.43,13772.74,-1.75
260.00,0.43,13772.52,-1.75
260.10,0.43,13774.05,-1.75
260.20,0.43,13775.19,-1.75
260.30,0.43,13774.88,-1.75
260.40,0.43,13774.87,-1.75
260.50,0.43,13774.72,-1.74
260.60,0.43,13776.23,-1.75
260.70,0.43,13776.58,-1.75
260.80,0.43,13777.24,-1.75
260.90,0.43,13776.98,-1.75
261.00,0.43,13776.02,-1.75
261.10,0.44,13776.64,-1.75
261.20,0.44,13776.76,-1.75
261.30,0.44,13778.33,-1.75
261.40,0.44,13779.22,-1.75
261.50,0.44,13778.68,-1.75
261.60,0.44,13779.66,-1.75
261.70,0.44,13778.94,-1.75
261.80,0.44,13779.58,-1.75
261.90,0.44,13781.24,-1.75
262.00,0.44,13780.55,-1.75
262.10,0.44,13780.95,-1.75
262.20,0.44,13780.92,-1.75
262.30,0.44,13781.51,-1.75
262.40,0.44,13782.39,-1.75
262.50,0.44,13782.86,-1.75
262.60,0.44,13782.18,-1.75
262.70,0.44,13781.65,-1.75
262.80,0.44,13783.17,-1.75
262.90,0.44,13783.28,-1.75
263.00,0.44,13783.90,-1.75
263.10,0.44,13785.30,-1.75
263.20,0.44,13784.05,-1.75
263.30,0.44,13784.83,-1.75
263.40,0.44,13784.36,-1.75
263.50,0.44,13785.60,-1.75
263.60,0.44,13787.29,-1.75
263.70,0.44,13785.80,-1.75
263.80,0.44,13786.01,-1.75
263.90,0.44,13785.70,-1.75
264.00,0.44,13785.74,-1.75
264.10,0.44,13787.92,-1.75
264.20,0.44,13788.61,-1.75
264.30,0.44,13788.29,-1.75
264.40,0.44,13787.79,-1.75
264.50,0.44,13788.11,-1.75
264.60,0.44,13789.17,-1.75
264.70,0.44,13789.75,-1.75
264.80,0.44,13790.85,-1.75
264.90,0.44,13788.86,-1.75
265.00,0.44,13788.61,-1.75
265.10,0.44,13789.52,-1.75
265.20,0.44,13789.45,-1.75
265.30,0.44,13791.75,-1.75
265.40,0.44,13790.77,-1.75
265.50,0.44,13791.13,-1.75
265.60,0.44,13791.30,-1.75
265.70,0.44,13791.19,-1.75
265.80,0.44,13793.23,-1.75
265.90,0.44,13792.69,-1.75
266.00,0.44,13792.31,-1.75
266.10,0.44,13792.45,-1.75
266.20,0.44,13792.51,-1.75
266.30,0.44,13792.99,-1.75
266.40,0.44,13793.76,-1.75
266.50,0.44,13794.55,-1.75
266.60,0.44,13794.07,-1.75
266.70,0.44,13794.08,-1.75
266.80,0.44,13795.40,-1.75
266.90,0.44,13795.20,-1.75
267.00,0.45,13796.94,-1.75
267.10,0.45,13796.32,-1.75
267.20,0.45,13795.35,-1.75
267.30,0.45,13796.73,-1.75
267.40,0.45,13796.74,-1.75
267.50,0.45,13797.99,-1.75
267.60,0.45,13797.93,-1.75
267.70,0.45,13797.28,-1.75
267.80,0.45,13797.52,-1.75
267.90,0.45,13797.68,-1.75
268.00,0.45,13798.96,-1.75
268.10,0.45,13799.49,-1.75
268.20,0.45,13798.89,-1.75
268.30,0.45,13798.84,-1.75
268.40,0.45,13799.04,-1.75
268.50,0.45,13800.19,-1.75
268.60,0.45,13800.16,-1.75
268.70,0.45,13801.61,-1.75
268.80,0.45,13800.80,-1.75
268.90,0.45,13799.87,-1.75
269.00,0.45,13801.02,-1.75
269.10,0.45,13800.56,-1.75
269.20,0.45,13802.11,-1.75
269.30,0.45,13803.00,-1.75
269.40,0.45,13801.92,-1.75
269.50,0.45,13802.82,-1.75
269.60,0.45,13802.17,-1.75
269.70,0.45,13803.31,-1.75
269.80,0.45,13804.26,-1.75
269.90,0.45,13803.38,-1.75
270.00,0.45,13803.52,-1.75
270.10,0.45,13803.07,-1.75
270.20,0.45,13803.41,-1.75
270.30,0.45,13804.47,-1.75
270.40,0.45,13804.88,-1.75
270.50,0.45,13804.96,-1.75
270.60,0.45,13804.13,-1.75
270.70,0.45,13805.23,-1.75
270.80,0.45,13804.90,-1.75
270.90,0.45,13805.60,-1.75
271.00,0.45,13807.08,-1.75
271.10,0.45,13805.69,-1.75
271.20,0.45,13806.65,-1.75
271.30,0.45,13806.22,-1.75
271.40,0.45,13806.85,-1.75
271.50,0.45,13807.85,-1.75
271.60,0.45,13807.97,-1.75
271.70,0.45,13808.36,-1.75
271.80,0.45,13807.77,-1.75
271.90,0.45,13808.08,-1.75
272.00,0.45,13809.52,-1.75
272.10,0.45,13809.75,-1.75
272.20,0.45,13809.70,-1.75
272.30,0.45,13808.99,-1.75
272.40,0.45,13808.64,-1.75
272.50,0.45,13809.89,-1.75
272.60,0.45,13810.28,-1.75
272.70,0.45,13811.77,-1.75
272.80,0.45,13810.47,-1.75
272.90,0.45,13810.93,-1.75
273.00,0.45,13810.52,-1.75
273.10,0.46,13811.04,-1.75
273.20,0.46,13813.44,-1.75
273.30,0.46,13812.33,-1.75
273.40,0.46,13812.45,-1.75
273.50,0.46,13812.60,-1.75
273.60,0.46,13812.78,-1.75
273.70,0.46,13814.38,-1.75
273.80,0.46,13814.21,-1.75
273.90,0.46,13813.93,-1.75
274.00,0.46,13813.63,-1.75
274.10,0.46,13813.13,-1.75
274.20,0.46,13814.47,-1.75
274.30,0.46,13814.60,-1.75
274.40,0.46,13815.20,-1.75
274.50,0.46,13814.29,-1.75
274.60,0.46,13814.02,-1.75
274.70,0.46,13815.34,-1.75
274.80,0.46,13815.73,-1.75
274.90,0.46,13817.11,-1.75
275.00,0.46,13816.42,-1.75
275.10,0.46,13816.06,-1.75
275.20,0.46,13816.48,-1.75
275.30,0.46,13816.48,-1.75
275.40,0.46,13817.78,-1.75
275.50,0.46,13818.08,-1.75
275.60,0.46,13816.79,-1.75
275.70,0.46,13817.16,-1.75
275.80,0.46,13817.01,-1.75
275.90,0.46,13818.44,-1.75
276.00,0.46,13818.61,-1.75
276.10,0.46,13818.94,-1.75
276.20,0.46,13818.67,-1.75
276.30,0.46,13818.24,-1.75
276.40,0.46,13819.32,-1.75
276.50,0.46,13818.76,-1.74
276.60,0.46,13820.47,-1.75
276.70,0.46,13819.65,-1.74
276.80,0.46,13819.54,-1.75
276.90,0.46,13820.40,-1.74
277.00,0.46,13820.02,-1.75
277.10,0.46,13821.74,-1.75
277.20,0.46,13821.71,-1.75
277.30,0.46,13821.10,-1.75
277.40,0.46,13822.14,-1.75
277.50,0.46,13821.99,-1.75
277.60,0.46,13822.25,-1.75
277.70,0.46,13823.34,-1.75
277.80,0.46,13822.35,-1.75
277.90,0.46,13822.25,-1.75
278.00,0.46,13822.08,-1.75
278.10,0.46,13823.29,-1.75
278.20,0.46,13823.45,-1.75
278.30,0.46,13823.85,-1.75
278.40,0.46,13824.06,-1.75
278.50,0.46,13822.52,-1.75
278.60,0.46,13823.93,-1.75
278.70,0.46,13823.80,-1.75
278.80,0.46,13824.30,-1.75
278.90,0.46,13825.36,-1.75
279.00,0.47,13824.71,-1.75
279.10,0.47,13824.87,-1.75
279.20,0.47,13824.53,-1.75
279.30,0.47,13824.70,-1.75
279.40,0.47,13826.12,-1.75
279.50,0.47,13826.18,-1.75
279.60,0.47,13826.52,-1.75
279.70,0.47,13825.97,-1.75
279.80,0.47,13826.44,-1.75
279.90,0.47,13827.20,-1.75
280.00,0.47,13827.55,-1.75
280.10,0.47,13828.02,-1.75
280.20,0.47,13826.83,-1.75
280.30,0.47,13827.67,-1.75
280.40,0.47,13827.50,-1.75
280.50,0.47,13827.42,-1.75
280.60,0.47,13828.74,-1.75
280.70,0.47,13827.28,-1.75
280.80,0.47,13827.69,-1.75
280.90,0.47,13828.08,-1.75
281.00,0.47,13828.48,-1.75
281.10,0.47,13829.91,-1.75
281.20,0.47,13829.26,-1.75
281.30,0.47,13829.33,-1.75
281.40,0.47,13829.14,-1.75
281.50,0.47,13829.01,-1.75
281.60,0.47,13830.74,-1.75
281.70,0.47,13830.41,-1.75
281.80,0.47,13829.83,-1.75
281.90,0.47,13829.48,-1.75
282.00,0.47,13830.00,-1.75
282.10,0.47,13830.92,-1.75
282.20,0.47,13831.58,-1.75
282.30,0.47,13832.57,-1.75
282.40,0.47,13830.77,-1.75
282.50,0.47,13830.95,-1.75
282.60,0.47,13831.55,-1.75
282.70,0.47,13831.49,-1.75
282.80,0.47,13833.12,-1.75
282.90,0.47,13832.55,-1.75
283.00,0.47,13831.32,-1.75
283.10,0.47,13831.52,-1.75
283.20,0.47,13832.01,-1.75
283.30,0.47,13833.58,-1.75
283.40,0.47,13833.39,-1.75
283.50,0.47,13833.22,-1.75
283.60,0.47,13833.02,-1.75
283.70,0.47,13832.74,-1.75
283.80,0.47,13834.09,-1.75
283.90,0.47,13834.40,-1.75
284.00,0.47,13834.86,-1.75
284.10,0.47,13833.96,-1.75
284.20,0.47,13834.15,-1.75
284.30,0.47,13835.17,-1.75
284.40,0.47,13834.66,-1.75
284.50,0.47,13835.95,-1.75
284.60,0.47,13835.35,-1.75
284.70,0.47,13834.56,-1.75
284.80,0.47,13835.51,-1.75
284.90,0.47,13835.10,-1.75
285.00,0.48,13836.38,-1.75
285.10,0.48,13836.53,-1.75
285.20,0.48,13835.54,-1.75
285.30,0.48,13835.76,-1.75
285.40,0.48,13835.65,-1.75
285.50,0.48,13836.91,-1.75
285.60,0.48,13837.40,-1.75
285.70,0.48,13836.79,-1.75
285.80,0.48,13836.79,-1.75
285.90,0.48,13836.14,-1.75
286.00,0.48,13837.27,-1.75
286.10,0.48,13837.71,-1.75
286.20,0.48,13838.30,-1.75
286.30,0.48,13837.62,-1.75
286.40,0.48,13836.92,-1.75
286.50,0.48,13838.09,-1.75
286.60,0.48,13837.73,-1.75
286.70,0.48,13838.71,-1.75
286.80,0.48,13839.29,-1.75
286.90,0.48,13838.13,-1.75
287.00,0.48,13838.11,-1.75
287.10,0.48,13838.17,-1.75
287.20,0.48,13838.94,-1.75
287.30,0.48,13839.75,-1.75
287.40,0.48,13839.87,-1.75
287.50,0.48,13839.67,-1.75
287.60,0.48,13838.92,-1.75
287.70,0.48,13839.63,-1.75
287.80,0.48,13840.38,-1.75
287.90,0.48,13840.68,-1.75
288.00,0.48,13840.63,-1.75
288.10,0.48,13839.75,-1.75
288.20,0.48,13840.56,-1.75
288.30,0.48,13840.38,-1.75
288.40,0.48,13841.60,-1.75
288.50,0.48,13842.04,-1.75
288.60,0.48,13840.47,-1.75
288.70,0.48,13841.60,-1.74
288.80,0.48,13841.16,-1.75
288.90,0.48,13841.12,-1.74
289.00,0.48,13842.88,-1.75
289.10,0.48,13841.70,-1.75
289.20,0.48,13841.75,-1.75
289.30,0.48,13841.02,-1.75
289.40,0.48,13841.02,-1.75
289.50,0.48,13842.57,-1.74
289.60,0.48,13842.78,-1.75
289.70,0.48,13842.78,-1.75
289.80,0.48,13842.33,-1.75
289.90,0.48,13842.41,-1.75
290.00,0.48,13843.19,-1.75
290.10,0.48,13843.84,-1.75
290.20,0.48,13845.00,-1.75
290.30,0.48,13843.04,-1.75
290.40,0.48,13843.25,-1.75
290.50,0.48,13843.28,-1.75
290.60,0.48,13843.20,-1.75
290.70,0.48,13845.13,-1.75
290.80,0.48,13843.86,-1.75
290.90,0.48,13843.26,-1.75
291.00,0.49,13843.69,-1.75
291.10,0.49,13842.95,-1.75
291.20,0.49,13845.11,-1.75
291.30,0.49,13845.21,-1.75
291.40,0.49,13844.72,-1.75
291.50,0.49,13844.12,-1.75
291.60,0.49,13843.94,-1.75
291.70,0.49,13845.49,-1.75
291.80,0.49,13845.45,-1.75
291.90,0.49,13846.51,-1.75
292.00,0.49,13844.86,-1.75
292.10,0.49,13844.45,-1.75
292.20,0.49,13844.82,-1.75
292.30,0.49,13845.42,-1.75
292.40,0.49,13846.72,-1.75
292.50,0.49,13846.15,-1.75
292.60,0.49,13844.82,-1.75
292.70,0.49,13845.50,-1.75
292.80,0.49,13845.56,-1.75
292.90,0.49,13847.32,-1.75
293.00,0.49,13847.44,-1.75
293.10,0.49,13846.21,-1.75
293.20,0.49,13846.44,-1.75
293.30,0.49,13845.90,-1.75
293.40,0.49,13847.18,-1.75
293.50,0.49,13846.83,-1.75
293.60,0.49,13847.22,-1.75
293.70,0.49,13846.58,-1.75
293.80,0.49,13845.83,-1.75
293.90,0.49,13847.97,-1.75
294.00,0.49,13847.81,-1.75
294.10,0.49,13847.90,-1.75
294.20,0.49,13848.08,-1.75
294.30,0.49,13847.11,-1.75
294.40,0.49,13847.89,-1.75
294.50,0.49,13847.58,-1.75
294.60,0.49,13848.19,-1.75
294.70,0.49,13848.46,-1.75
294.80,0.49,13847.37,-1.75
294.90,0.49,13847.83,-1.75
295.00,0.49,13847.30,-1.75
295.10,0.49,13847.68,-1.75
295.20,0.49,13849.04,-1.75
295.30,0.49,13848.85,-1.75
295.40,0.49,13848.43,-1.75
295.50,0.49,13847.95,-1.75
295.60,0.49,13848.49,-1.75
295.70,0.49,13848.82,-1.75
295.80,0.49,13849.12,-1.75
295.90,0.49,13848.45,-1.75
296.00,0.49,13847.49,-1.75
296.10,0.49,13847.92,-1.75
296.20,0.49,13848.74,-1.75
296.30,0.49,13849.03,-1.75
296.40,0.49,13850.28,-1.75
296.50,0.49,13848.79,-1.75
296.60,0.49,13848.75,-1.75
296.70,0.49,13848.34,-1.75
296.80,0.49,13848.75,-1.75
296.90,0.49,13850.75,-1.75
297.00,0.50,13849.95,-1.75
297.10,0.50,13849.78,-1.75
297.20,0.50,13848.44,-1.75
297.30,0.50,13848.75,-1.75
297.40,0.50,13849.37,-1.74
297.50,0.50,13850.50,-1.75
297.60,0.50,13850.47,-1.74
297.70,0.50,13849.51,-1.74
297.80,0.50,13849.74,-1.75
297.90,0.50,13849.83,-1.75
298.00,0.50,13850.36,-1.75
298.10,0.50,13851.54,-1.75
298.20,0.50,13850.06,-1.75
298.30,0.50,13849.93,-1.75
298.40,0.50,13850.19,-1.75
298.50,0.50,13850.00,-1.75
298.60,0.50,13851.69,-1.75
298.70,0.50,13850.76,-1.75
298.80,0.50,13850.66,-1.75
298.90,0.50,13850.11,-1.74
299.00,0.50,13849.81,-1.74
299.10,0.50,13851.72,-1.74
299.20,0.50,13851.42,-1.74
299.30,0.50,13851.02,-1.75
299.40,0.50,13850.21,-1.75
299.50,0.50,13850.04,-1.75
299.60,0.50,13850.51,-1.75
299.70,0.50,13850.98,-1.75
299.80,0.50,13851.89,-1.75
299.90,0.50,13850.12,-1.75
300.00,0.50,13849.30,-1.75
300.10,0.50,13850.27,-1.75
300.20,0.50,13850.44,-1.75
300.30,0.50,13852.14,-1.75
300.40,0.50,13851.71,-1.75
300.50,0.50,13850.65,-1.75
300.60,0.50,13850.93,-1.75
300.70,0.50,13850.58,-1.75
300.80,0.50,13852.44,-1.75
300.90,0.50,13852.12,-1.75
301.00,0.50,13851.46,-1.75
301.10,0.50,13850.96,-1.75
301.20,0.50,13850.69,-1.75
301.30,0.50,13851.15,-1.75
301.40,0.50,13851.31,-1.75
301.50,0.50,13851.53,-1.75
301.60,0.50,13850.99,-1.75
301.70,0.50,13850.45,-1.75
301.80,0.50,13851.14,-1.75
301.90,0.50,13850.75,-1.75
302.00,0.50,13852.04,-1.75
302.10,0.50,13851.88,-1.75
302.20,0.50,13851.10,-1.75
302.30,0.50,13852.37,-1.75
302.40,0.50,13851.24,-1.75
302.50,0.50,13852.10,-1.75
302.60,0.50,13852.91,-1.75
302.70,0.50,13852.25,-1.75
302.80,0.50,13852.38,-1.75
302.90,0.50,13852.02,-1.75
303.00,0.51,13852.70,-1.75
303.10,0.51,13852.75,-1.75
303.20,0.51,13852.71,-1.75
303.30,0.51,13852.42,-1.75
303.40,0.51,13851.81,-1.75
303.50,0.51,13852.27,-1.75
303.60,0.51,13852.43,-1.75
303.70,0.51,13852.59,-1.75
303.80,0.51,13851.90,-1.75
303.90,0.51,13851.04,-1.75
304.00,0.51,13852.01,-1.75
304.10,0.51,13851.19,-1.75
304.20,0.51,13852.04,-1.75
304.30,0.51,13853.05,-1.75
304.40,0.51,13851.14,-1.75
304.50,0.51,13851.90,-1.75
304.60,0.51,13851.16,-1.75
304.70,0.51,13851.85,-1.75
304.80,0.51,13853.17,-1.75
304.90,0.51,13852.81,-1.75
305.00,0.51,13852.59,-1.75
305.10,0.51,13851.38,-1.75
305.20,0.51,13851.31,-1.75
305.30,0.51,13852.46,-1.75
305.40,0.51,13853.06,-1.75
305.50,0.51,13853.25,-1.75
305.60,0.51,13851.75,-1.75
305.70,0.51,13852.12,-1.75
305.80,0.51,13852.15,-1.75
305.90,0.51,13852.04,-1.75
306.00,0.51,13853.27,-1.75
306.10,0.51,13851.30,-1.75
306.20,0.51,13851.98,-1.75
306.30,0.51,13851.08,-1.75
306.40,0.51,13850.69,-1.75
306.50,0.51,13852.75,-1.75
306.60,0.51,13852.17,-1.75
306.70,0.51,13852.28,-1.75
306.80,0.51,13851.66,-1.75
306.90,0.51,13851.33,-1.75
307.00,0.51,13851.86,-1.75
307.10,0.51,13852.22,-1.75
307.20,0.51,13853.11,-1.75
307.30,0.51,13851.69,-1.75
307.40,0.51,13851.41,-1.75
307.50,0.51,13852.19,-1.75
307.60,0.51,13851.76,-1.75
307.70,0.51,13852.34,-1.75
307.80,0.51,13851.47,-1.75
307.90,0.51,13850.98,-1.75
308.00,0.51,13851.57,-1.75
308.10,0.51,13851.48,-1.75
308.20,0.51,13852.28,-1.75
308.30,0.51,13851.65,-1.75
308.40,0.51,13851.44,-1.75
308.50,0.51,13851.24,-1.75
308.60,0.51,13851.16,-1.75
308.70,0.51,13852.05,-1.75
308.80,0.51,13851.99,-1.75
308.90,0.51,13851.73,-1.75
309.00,0.52,13850.65,-1.75
309.10,0.52,13850.55,-1.75
309.20,0.52,13851.71,-1.75
309.30,0.52,13851.30,-1.75
309.40,0.52,13852.57,-1.75
309.50,0.52,13851.82,-1.75
309.60,0.52,13849.85,-1.75
309.70,0.52,13850.91,-1.75
309.80,0.52,13849.88,-1.75
309.90,0.52,13851.04,-1.75
310.00,0.52,13851.00,-1.75
310.10,0.52,13850.22,-1.75
310.20,0.52,13850.96,-1.75
310.30,0.52,13849.88,-1.75
310.40,0.52,13850.60,-1.75
310.50,0.52,13850.96,-1.75
310.60,0.52,13849.94,-1.75
310.70,0.52,13850.20,-1.75
310.80,0.52,13849.64,-1.75
310.90,0.52,13850.10,-1.75
311.00,0.52,13850.44,-1.75
311.10,0.52,13850.52,-1.75
311.20,0.52,13850.15,-1.75
311.30,0.52,13849.00,-1.75
311.40,0.52,13849.88,-1.75
311.50,0.52,13849.11,-1.75
311.60,0.52,13849.53,-1.75
311.70,0.52,13850.14,-1.75
311.80,0.52,13848.80,-1.75
311.90,0.52,13849.93,-1.75
312.00,0.52,13849.13,-1.75
312.10,0.52,13849.47,-1.75
312.20,0.52,13850.31,-1.75
312.30,0.52,13848.90,-1.75
312.40,0.52,13849.38,-1.75
312.50,0.52,13848.47,-1.75
312.60,0.52,13848.46,-1.75
312.70,0.52,13849.27,-1.75
312.80,0.52,13848.85,-1.75
312.90,0.52,13848.21,-1.75
313.00,0.52,13847.86,-1.75
313.10,0.52,13848.00,-1.75
313.20,0.52,13847.91,-1.75
313.30,0.52,13849.02,-1.75
313.40,0.52,13849.10,-1.75
313.50,0.52,13847.87,-1.75
313.60,0.52,13848.07,-1.75
313.70,0.52,13847.91,-1.75
313.80,0.52,13848.07,-1.75
313.90,0.52,13849.06,-1.75
314.00,0.52,13847.45,-1.75
314.10,0.52,13847.32,-1.75
314.20,0.52,13846.42,-1.75
314.30,0.52,13846.19,-1.75
314.40,0.52,13847.56,-1.75
314.50,0.52,13847.18,-1.75
314.60,0.52,13847.24,-1.75
314.70,0.52,13846.28,-1.75
314.80,0.52,13845.31,-1.75
314.90,0.52,13846.58,-1.75
315.00,0.53,13847.24,-1.75
315.10,0.53,13847.55,-1.75
315.20,0.53,13846.26,-1.75
315.30,0.53,13846.04,-1.75
315.40,0.53,13846.23,-1.75
315.50,0.53,13845.58,-1.75
315.60,0.53,13846.98,-1.75
315.70,0.53,13845.43,-1.75
315.80,0.53,13844.84,-1.75
315.90,0.53,13845.46,-1.75
316.00,0.53,13845.16,-1.75
316.10,0.53,13846.06,-1.75
316.20,0.53,13845.46,-1.75
316.30,0.53,13845.15,-1.75
316.40,0.53,13844.86,-1.75
316.50,0.53,13844.18,-1.75
316.60,0.53,13845.30,-1.75
316.70,0.53,13845.22,-1.75
316.80,0.53,13844.69,-1.75
316.90,0.53,13844.04,-1.75
317.00,0.53,13843.12,-1.75
317.10,0.53,13844.13,-1.75
317.20,0.53,13844.31,-1.75
317.30,0.53,13845.47,-1.75
317.40,0.53,13844.15,-1.75
317.50,0.53,13842.81,-1.75
317.60,0.53,13843.77,-1.75
317.70,0.53,13842.77,-1.75
317.80,0.53,13844.34,-1.75
317.90,0.53,13843.96,-1.75
318.00,0.53,13842.78,-1.74
318.10,0.53,13842.32,-1.75
318.20,0.53,13842.23,-1.75
318.30,0.53,13843.32,-1.75
318.40,0.53,13843.37,-1.75
318.50,0.53,13842.66,-1.75
318.60,0.53,13842.08,-1.75
318.70,0.53,13841.42,-1.75
318.80,0.53,13842.07,-1.75
318.90,0.53,13842.23,-1.75
319.00,0.53,13841.94,-1.75
319.10,0.53,13841.08,-1.75
319.20,0.53,13840.03,-1.75
319.30,0.53,13841.32,-1.75
319.40,0.53,13840.72,-1.75
319.50,0.53,13841.90,-1.75
319.60,0.53,13841.37,-1.75
319.70,0.53,13839.82,-1.75
319.80,0.53,13840.06,-1.75
319.90,0.53,13839.22,-1.75
320.00,0.53,13840.41,-1.75
320.10,0.53,13840.95,-1.75
320.20,0.53,13839.73,-1.75
320.30,0.53,13839.46,-1.75
320.40,0.53,13838.34,-1.75
320.50,0.53,13838.54,-1.75
320.60,0.53,13838.92,-1.74
320.70,0.53,13838.06,-1.75
320.80,0.53,13837.85,-1.75
320.90,0.53,13836.70,-1.75
321.00,0.54,13836.76,-1.75
321.10,0.54,13836.99,-1.75
321.20,0.54,13837.51,-1.75
321.30,0.54,13837.61,-1.75
321.40,0.54,13835.99,-1.75
321.50,0.54,13836.51,-1.75
321.60,0.54,13836.19,-1.75
321.70,0.54,13836.43,-1.75
321.80,0.54,13837.02,-1.75
321.90,0.54,13835.56,-1.75
322.00,0.54,13835.27,-1.75
322.10,0.54,13834.91,-1.75
322.20,0.54,13834.39,-1.75
322.30,0.54,13835.68,-1.75
322.40,0.54,13834.91,-1.75
322.50,0.54,13834.31,-1.75
322.60,0.54,13833.28,-1.75
322.70,0.54,13833.08,-1.75
322.80,0.54,13834.09,-1.75
322.90,0.54,13834.11,-1.75
323.00,0.54,13834.53,-1.75
323.10,0.54,13831.94,-1.75
323.20,0.54,13831.78,-1.75
323.30,0.54,13832.02,-1.75
323.40,0.54,13832.80,-1.75
323.50,0.54,13833.84,-1.75
323.60,0.54,13832.36,-1.75
323.70,0.54,13831.59,-1.74
323.80,0.54,13831.23,-1.75
323.90,0.54,13830.94,-1.75
324.00,0.54,13831.92,-1.75
324.10,0.54,13831.25,-1.75
324.20,0.54,13830.25,-1.75
324.30,0.54,13829.77,-1.75
324.40,0.54,13828.76,-1.75
324.50,0.54,13829.79,-1.75
324.60,0.54,13829.54,-1.75
324.70,0.54,13829.23,-1.75
324.80,0.54,13827.90,-1.75
324.90,0.54,13827.21,-1.75
325.00,0.54,13828.32,-1.75
325.10,0.54,13827.90,-1.75
325.20,0.54,13828.81,-1.75
325.30,0.54,13826.57,-1.75
325.40,0.54,13825.90,-1.75
325.50,0.54,13826.41,-1.75
325.60,0.54,13825.58,-1.75
325.70,0.54,13826.98,-1.75
325.80,0.54,13825.77,-1.75
325.90,0.54,13823.96,-1.75
326.00,0.54,13824.69,-1.75
326.10,0.54,13824.00,-1.75
326.20,0.54,13825.03,-1.75
326.30,0.54,13825.17,-1.75
326.40,0.54,13823.86,-1.75
326.50,0.54,13823.36,-1.75
326.60,0.54,13822.50,-1.75
326.70,0.54,13823.19,-1.75
326.80,0.54,13823.21,-1.75
326.90,0.54,13823.11,-1.75
327.00,0.55,13821.63,-1.74
327.10,0.55,13820.61,-1.75
327.20,0.55,13820.97,-1.75
327.30,0.55,13820.24,-1.75
327.40,0.55,13820.81,-1.75
327.50,0.55,13820.78,-1.75
327.60,0.55,13819.27,-1.75
327.70,0.55,13819.44,-1.75
327.80,0.55,13818.74,-1.75
327.90,0.55,13819.53,-1.75
328.00,0.55,13819.94,-1.75
328.10,0.55,13818.50,-1.75
328.20,0.55,13818.17,-1.75
328.30,0.55,13816.62,-1.75
328.40,0.55,13816.46,-1.75
328.50,0.55,13816.89,-1.75
328.60,0.55,13816.81,-1.75
328.70,0.55,13816.29,-1.75
328.80,0.55,13815.39,-1.75
328.90,0.55,13815.30,-1.75
329.00,0.55,13814.50,-1.75
329.10,0.55,13814.70,-1.75
329.20,0.55,13814.92,-1.75
329.30,0.55,13813.51,-1.75
329.40,0.55,13813.16,-1.75
329.50,0.55,13812.53,-1.75
329.60,0.55,13812.14,-1.75
329.70,0.55,13812.77,-1.75
329.80,0.55,13811.32,-1.75
329.90,0.55,13811.44,-1.75
330.00,0.55,13810.13,-1.75
330.10,0.55,13809.74,-1.75
330.20,0.55,13810.47,-1.75
330.30,0.55,13809.62,-1.75
330.40,0.55,13809.38,-1.75
330.50,0.55,13807.88,-1.75
330.60,0.55,13807.94,-1.75
330.70,0.55,13807.95,-1.75
330.80,0.55,13808.12,-1.75
330.90,0.55,13807.87,-1.75
331.00,0.55,13805.58,-1.75
331.10,0.55,13805.38,-1.75
331.20,0.55,13805.14,-1.75
331.30,0.55,13804.65,-1.75
331.40,0.55,13805.82,-1.75
331.50,0.55,13803.87,-1.75
331.60,0.55,13803.09,-1.75
331.70,0.55,13802.68,-1.75
331.80,0.55,13802.01,-1.75
331.90,0.55,13803.29,-1.75
332.00,0.55,13802.39,-1.75
332.10,0.55,13801.83,-1.75
332.20,0.55,13800.59,-1.75
332.30,0.55,13799.52,-1.75
332.40,0.55,13800.00,-1.75
332.50,0.55,13799.99,-1.75
332.60,0.55,13799.78,-1.75
332.70,0.55,13798.19,-1.75
332.80,0.55,13797.44,-1.75
332.90,0.55,13796.95,-1.75
333.00,0.56,13796.44,-1.75
333.10,0.56,13797.49,-1.75
333.20,0.56,13795.66,-1.75
333.30,0.56,13794.63,-1.75
333.40,0.56,13794.55,-1.75
333.50,0.56,13793.68,-1.75
333.60,0.56,13794.06,-1.75
333.70,0.56,13793.60,-1.75
333.80,0.56,13792.44,-1.75
333.90,0.56,13791.89,-1.75
334.00,0.56,13791.42,-1.75
334.10,0.56,13791.67,-1.75
334.20,0.56,13790.79,-1.75
334.30,0.56,13790.44,-1.75
334.40,0.56,13789.28,-1.75
334.50,0.56,13788.05,-1.75
334.60,0.56,13788.62,-1.75
334.70,0.56,13787.82,-1.75
334.80,0.56,13787.99,-1.75
334.90,0.56,13786.21,-1.75
335.00,0.56,13784.69,-1.75
335.10,0.56,13784.84,-1.75
335.20,0.56,13783.52,-1.75
335.30,0.56,13784.31,-1.75
335.40,0.56,13783.95,-1.75
335.50,0.56,13781.80,-1.75
335.60,0.56,13781.51,-1.75
335.70,0.56,13780.71,-1.75
335.80,0.56,13780.96,-1.75
335.90,0.56,13780.51,-1.75
336.00,0.56,13779.64,-1.75
336.10,0.56,13779.02,-1.75
336.20,0.56,13777.39,-1.75
336.30,0.56,13777.87,-1.75
336.40,0.56,13777.00,-1.75
336.50,0.56,13776.38,-1.75
336.60,0.56,13775.74,-1.75
336.70,0.56,13774.19,-1.75
336.80,0.56,13774.19,-1.75
336.90,0.56,13773.07,-1.75
337.00,0.56,13772.81,-1.75
337.10,0.56,13772.16,-1.75
337.20,0.56,13770.23,-1.75
337.30,0.56,13770.16,-1.75
337.40,0.56,13768.64,-1.75
337.50,0.56,13767.70,-1.75
337.60,0.56,13768.53,-1.75
337.70,0.56,13766.82,-1.75
337.80,0.56,13766.16,-1.75
337.90,0.56,13764.41,-1.75
338.00,0.56,13764.58,-1.75
338.10,0.56,13764.30,-1.75
338.20,0.56,13764.08,-1.75
338.30,0.56,13763.46,-1.75
338.40,0.56,13761.28,-1.75
338.50,0.56,13761.04,-1.75
338.60,0.56,13760.53,-1.75
338.70,0.56,13759.96,-1.75
338.80,0.56,13759.01,-1.75
338.90,0.56,13757.43,-1.75
339.00,0.57,13756.66,-1.75
339.10,0.57,13756.15,-1.75
339.20,0.57,13755.52,-1.75
339.30,0.57,13755.40,-1.75
339.40,0.57,13753.50,-1.75
339.50,0.57,13752.34,-1.75
339.60,0.57,13751.04,-1.75
339.70,0.57,13749.99,-1.75
339.80,0.57,13750.36,-1.75
339.90,0.57,13749.41,-1.75
340.00,0.57,13748.40,-1.75
340.10,0.57,13746.84,-1.75
340.20,0.57,13746.20,-1.75
340.30,0.57,13745.71,-1.75
340.40,0.57,13745.57,-1.75
340.50,0.57,13745.28,-1.75
340.60,0.57,13742.91,-1.75
340.70,0.57,13741.48,-1.75
340.80,0.57,13740.91,-1.75
340.90,0.57,13740.09,-1.75
341.00,0.57,13740.76,-1.75
341.10,0.57,13737.70,-1.75
341.20,0.57,13736.65,-1.75
341.30,0.57,13735.77,-1.75
341.40,0.57,13733.73,-1.75
341.50,0.57,13734.94,-1.74
341.60,0.57,13733.26,-1.75
341.70,0.57,13731.84,-1.75
341.80,0.57,13731.18,-1.75
341.90,0.57,13729.67,-1.74
342.00,0.57,13729.41,-1.75
342.10,0.57,13728.31,-1.75
342.20,0.57,13727.07,-1.75
342.30,0.57,13725.58,-1.75
342.40,0.57,13724.16,-1.75
342.50,0.57,13723.53,-1.75
342.60,0.57,13722.21,-1.74
342.70,0.57,13721.77,-1.75
342.80,0.57,13719.84,-1.75
342.90,0.57,13717.38,-1.75
343.00,0.57,13717.60,-1.75
343.10,0.57,13715.83,-1.75
343.20,0.57,13715.94,-1.75
343.30,0.57,13714.63,-1.75
343.40,0.57,13712.57,-1.75
343.50,0.57,13712.07,-1.75
343.60,0.57,13709.93,-1.75
343.70,0.57,13709.67,-1.75
343.80,0.57,13708.19,-1.75
343.90,0.57,13706.72,-1.75
344.00,0.57,13704.69,-1.75
344.10,0.57,13703.65,-1.75
344.20,0.57,13702.86,-1.75
344.30,0.57,13701.26,-1.75
344.40,0.57,13700.64,-1.75
344.50,0.57,13698.65,-1.75
344.60,0.57,13696.73,-1.75
344.70,0.57,13696.45,-1.75
344.80,0.57,13694.83,-1.75
344.90,0.57,13694.08,-1.75
345.00,0.58,13693.28,-1.75
345.10,0.58,13690.31,-1.75
345.20,0.58,13690.05,-1.75
345.30,0.58,13687.37,-1.75
345.40,0.58,13686.58,-1.75
345.50,0.58,13685.76,-1.75
345.60,0.58,13683.59,-1.75
345.70,0.58,13682.72,-1.75
345.80,0.58,13680.55,-1.75
345.90,0.58,13679.14,-1.75
346.00,0.58,13678.09,-1.75
346.10,0.58,13676.97,-1.75
346.20,0.58,13674.79,-1.75
346.30,0.58,13672.72,-1.75
346.40,0.58,13671.62,-1.74
346.50,0.58,13669.17,-1.75
346.60,0.58,13667.48,-1.75
346.70,0.58,13667.22,-1.75
346.80,0.58,13664.24,-1.75
346.90,0.58,13663.31,-1.75
347.00,0.58,13661.23,-1.75
347.10,0.58,13659.44,-1.75
347.20,0.58,13658.97,-1.75
347.30,0.58,13656.20,-1.75
347.40,0.58,13654.85,-1.75
347.50,0.58,13652.97,-1.75
347.60,0.58,13651.29,-1.75
347.70,0.58,13650.44,-1.75
347.80,0.58,13648.99,-1.75
347.90,0.58,13646.46,-1.75
348.00,0.58,13643.98,-1.75
348.10,0.58,13641.33,-1.75
348.20,0.58,13640.28,-1.75
348.30,0.58,13638.96,-1.75
348.40,0.58,13637.39,-1.75
348.50,0.58,13634.19,-1.75
348.60,0.58,13632.45,-1.75
348.70,0.58,13631.25,-1.75
348.80,0.58,13629.18,-1.75
348.90,0.58,13629.03,-1.75
349.00,0.58,13625.34,-1.75
349.10,0.58,13622.70,-1.75
349.20,0.58,13620.62,-1.75
349.30,0.58,13618.89,-1.75
349.40,0.58,13617.26,-1.75
349.50,0.58,13615.45,-1.75
349.60,0.58,13612.93,-1.75
349.70,0.58,13609.61,-1.75
349.80,0.58,13607.31,-1.75
349.90,0.58,13606.47,-1.75
350.00,0.58,13604.23,-1.75
350.10,0.58,13602.84,-1.75
350.20,0.58,13599.68,-1.75
350.30,0.58,13596.35,-1.75
350.40,0.58,13595.12,-1.75
350.50,0.58,13592.20,-1.75
350.60,0.58,13590.78,-1.75
350.70,0.58,13587.73,-1.75
350.80,0.58,13584.41,-1.75
350.90,0.58,13583.34,-1.75
351.00,0.59,13579.88,-1.75
351.10,0.59,13578.71,-1.75
351.20,0.59,13576.33,-1.75
351.30,0.59,13573.10,-1.75
351.40,0.59,13570.55,-1.75
351.50,0.59,13567.78,-1.75
351.60,0.59,13565.64,-1.75
351.70,0.59,13562.93,-1.75
351.80,0.59,13560.37,-1.75
351.90,0.59,13557.29,-1.75
352.00,0.59,13554.08,-1.75
352.10,0.59,13552.06,-1.75
352.20,0.59,13548.86,-1.75
352.30,0.59,13546.56,-1.75
352.40,0.59,13543.13,-1.75
352.50,0.59,13539.13,-1.75
352.60,0.59,13537.57,-1.75
352.70,0.59,13534.23,-1.75
352.80,0.59,13531.88,-1.74
352.90,0.59,13528.62,-1.75
353.00,0.59,13523.99,-1.75
353.10,0.59,13521.35,-1.75
353.20,0.59,13517.11,-1.75
353.30,0.59,13513.70,-1.75
353.40,0.59,13510.49,-1.75
353.50,0.59,13505.97,-1.75
353.60,0.59,13501.33,-1.75
353.70,0.59,13496.11,-1.75
353.80,0.59,13492.30,-1.75
353.90,0.59,13487.60,-1.75
354.00,0.59,13481.61,-1.75
354.10,0.59,13474.46,-1.75
354.20,0.59,13460.85,-1.75
354.30,0.59,13432.94,-1.75
354.40,0.59,13383.01,-1.75
354.46,0.59,13325.15,-1.75
354.46,0.59,13219.53,-1.75
354.47,0.59,12998.76,-1.75
354.47,0.59,12606.48,-1.75
354.47,0.59,12085.29,-1.74
354.47,0.59,11486.14,-1.74
354.47,0.59,10818.61,-1.74
354.48,0.59,10088.40,-1.74
354.48,0.59,9327.69,-1.74
354.48,0.59,8566.98,-1.74
354.48,0.59,7813.26,-1.74
