Strain : Axial Gauge Length (Strain Source),2,in,
Strain : Time at Removal (Strain Source),,ms,
,,,
Time,Extension,Load,Strain 1
(sec),(in),(lbf),(%)
0,0,-0.07301,-0.00001
0.1,0.00004,-0.09451,0.00005
0.2,0.00018,0.13564,0.00004
0.3,0.0004,0.16528,0.00012
0.4,0.00062,0.17409,0.00005
0.5,0.00081,0.20718,0.00007
0.6,0.00099,0.25899,0.00003
0.7,0.00116,0.30124,0.00012
0.8,0.00133,0.22198,0.00008
0.9,0.0015,0.24965,0.00013
1,0.00166,0.09281,0.00003
1.1,0.00183,0.12993,0.00002
1.2,0.002,0.17864,0.00014
1.3,0.00216,0.23147,0.00007
1.4,0.00233,0.23563,0.00015
1.5,0.0025,0.19449,0.00013
1.6,0.00267,0.31213,0.00018
1.7,0.00283,0.22239,0.00021
1.8,0.003,0.15052,0.00012
1.9,0.00317,0.26635,0.00007
2,0.00333,0.17844,0.00013
2.1,0.0035,0.27413,0.00003
2.2,0.00367,0.24205,0.00011
2.3,0.00383,0.20256,0.0002
2.4,0.004,0.33404,0.00001
2.5,0.00416,0.21123,0.00005
2.6,0.00433,0.35704,0.00007
2.7,0.0045,0.20808,0.00012
2.8,0.00467,0.50111,0.00006
2.9,0.00483,2.36178,0.00017
3,0.005,4.00119,0.00019
3.1,0.00517,6.73733,0.00025
3.2,0.00533,9.52665,0.00041
3.3,0.0055,13.05194,0.0005
3.4,0.00567,17.5279,0.00079
3.5,0.00583,22.7145,0.00124
3.6,0.006,28.54271,0.00171
3.7,0.00616,33.75096,0.00218
3.8,0.00633,39.30875,0.00256
3.9,0.0065,44.81444,0.00308
4,0.00666,50.23676,0.00342
4.1,0.00683,56.20992,0.00382
4.2,0.007,61.32916,0.00424
4.3,0.00717,67.14715,0.00465
4.4,0.00733,72.71928,0.00506
4.5,0.00749,78.60932,0.00545
4.6,0.00766,85.16654,0.00594
4.7,0.00783,91.05977,0.00638
4.8,0.008,97.42575,0.00685
4.9,0.00816,103.45755,0.00737
5,0.00833,109.88769,0.0078
5.1,0.0085,116.62681,0.00824
5.2,0.00866,122.86754,0.00872
5.3,0.00883,129.73659,0.00927
5.4,0.00899,136.96525,0.00974
5.5,0.00916,144.65741,0.01014
5.6,0.00933,152.96346,0.01044
5.7,0.0095,160.83585,0.01096
5.8,0.00967,169.65909,0.01134
5.9,0.00983,177.76922,0.01193
6,0.01,186.502,0.01233
6.1,0.01016,195.24153,0.01292
6.2,0.01033,203.6713,0.01352
6.3,0.0105,212.82636,0.01414
6.4,0.01066,221.23175,0.01471
6.5,0.01083,230.04044,0.01521
6.6,0.011,239.26348,0.01588
6.7,0.01116,248.23774,0.01647
6.8,0.01133,257.65238,0.01711
6.9,0.0115,266.48729,0.0177
7,0.01167,276.0205,0.01837
7.1,0.01183,285.60829,0.01907
7.2,0.012,295.17028,0.01969
7.3,0.01217,305.24938,0.02031
7.4,0.01233,314.91558,0.02095
7.5,0.0125,325.33414,0.02155
7.6,0.01266,335.43321,0.02209
7.7,0.01283,345.37551,0.02281
7.8,0.013,355.8367,0.02346
7.9,0.01316,365.9655,0.02406
8,0.01333,376.7441,0.02478
8.1,0.0135,387.41634,0.02542
8.2,0.01366,397.64606,0.02609
8.3,0.01383,408.36331,0.02677
8.4,0.014,418.5983,0.02743
8.5,0.01417,429.93483,0.02805
8.6,0.01433,440.35579,0.02865
8.7,0.0145,451.10604,0.02927
8.8,0.01466,462.12315,0.02987
8.9,0.01483,472.58326,0.03056
9,0.015,483.8326,0.03121
9.1,0.01516,494.57959,0.03172
9.2,0.01533,505.52602,0.03236
9.3,0.0155,516.43686,0.03297
9.4,0.01566,527.37499,0.03355
9.5,0.01583,538.61433,0.03412
9.6,0.01599,549.416,0.0347
9.7,0.01616,560.90592,0.03529
9.8,0.01633,572.42179,0.03589
9.9,0.0165,583.47232,0.03649
10,0.01667,595.06378,0.03704
10.1,0.01683,606.26329,0.03756
10.2,0.017,618.04833,0.0382
10.3,0.01716,629.68798,0.0388
10.4,0.01733,641.13812,0.0393
10.5,0.0175,653.33436,0.03999
10.6,0.01766,664.80576,0.04052
10.7,0.01783,676.86909,0.0412
10.8,0.018,688.90864,0.04182
10.9,0.01816,701.07231,0.04244
11,0.01833,713.81626,0.04304
11.1,0.01849,725.37907,0.04356
11.2,0.01866,738.00348,0.04434
11.3,0.01883,750.42638,0.04499
11.4,0.019,763.16594,0.04561
11.5,0.01917,776.18203,0.04624
11.6,0.01933,788.57101,0.04689
11.7,0.0195,801.53409,0.0476
11.8,0.01966,814.17382,0.04831
11.9,0.01983,827.08163,0.04893
12,0.02,840.52207,0.04958
12.1,0.02016,853.41212,0.05025
12.2,0.02033,866.35685,0.05091
12.3,0.0205,879.2217,0.05162
12.4,0.02066,892.74471,0.05228
12.5,0.02083,906.05568,0.05299
12.6,0.021,919.38851,0.05369
12.7,0.02117,933.15741,0.05442
12.8,0.02133,945.90308,0.0551
12.9,0.0215,959.52383,0.05567
13,0.02166,973.32447,0.0565
13.1,0.02183,986.92059,0.05708
13.2,0.022,"1,001.19",0.05788
13.3,0.02216,"1,014.30",0.05852
13.4,0.02233,"1,028.59",0.0592
13.5,0.02249,"1,042.76",0.05996
13.6,0.02266,"1,056.67",0.06053
13.7,0.02283,"1,071.54",0.06131
13.8,0.023,"1,085.50",0.06189
13.9,0.02316,"1,099.24",0.06264
14,0.02333,"1,113.86",0.0633
14.1,0.02349,"1,128.24",0.06396
14.2,0.02366,"1,142.72",0.06471
14.3,0.02383,"1,156.89",0.0654
14.4,0.024,"1,171.78",0.06614
14.5,0.02416,"1,186.17",0.06688
14.6,0.02433,"1,200.59",0.06763
14.7,0.0245,"1,216.19",0.06836
14.8,0.02466,"1,230.26",0.06902
14.9,0.02483,"1,245.58",0.06975
15,0.025,"1,260.36",0.07047
15.1,0.02516,"1,275.28",0.07106
15.2,0.02533,"1,290.75",0.07185
15.3,0.0255,"1,305.46",0.07262
15.4,0.02567,"1,321.29",0.07337
15.5,0.02583,"1,336.05",0.07414
15.6,0.02599,"1,351.29",0.07481
15.7,0.02616,"1,367.19",0.07561
15.8,0.02633,"1,382.19",0.07633
15.9,0.0265,"1,398.84",0.07719
16,0.02666,"1,414.16",0.07803
16.1,0.02683,"1,430.02",0.07893
16.2,0.02699,"1,446.95",0.07988
16.3,0.02716,"1,463.14",0.08083
16.4,0.02733,"1,480.28",0.08184
16.5,0.0275,"1,496.74",0.08293
16.6,0.02767,"1,513.21",0.08396
16.7,0.02783,"1,530.26",0.08506
16.8,0.02799,"1,546.93",0.08604
16.9,0.02816,"1,563.91",0.08715
17,0.02833,"1,581.06",0.08817
17.1,0.0285,"1,598.45",0.08928
17.2,0.02866,"1,615.38",0.0903
17.3,0.02883,"1,632.56",0.09127
17.4,0.029,"1,650.60",0.09228
17.5,0.02916,"1,667.67",0.09332
17.6,0.02933,"1,685.99",0.0944
17.7,0.0295,"1,703.73",0.09543
17.8,0.02966,"1,721.61",0.09649
17.9,0.02983,"1,740.21",0.09744
18,0.02999,"1,757.23",0.09845
18.1,0.03017,"1,776.48",0.09949
18.2,0.03033,"1,794.66",0.10063
18.3,0.03049,"1,812.77",0.10167
18.4,0.03066,"1,831.65",0.10277
18.5,0.03083,"1,849.66",0.10377
18.6,0.031,"1,868.84",0.1048
18.7,0.03116,"1,887.40",0.10587
18.8,0.03133,"1,906.27",0.10693
18.9,0.0315,"1,925.84",0.10799
19,0.03166,"1,943.71",0.10906
19.1,0.03183,"1,963.18",0.11011
19.2,0.03199,"1,981.87",0.11113
19.3,0.03216,"2,001.30",0.1122
19.4,0.03233,"2,020.59",0.11329
19.5,0.0325,"2,039.41",0.11426
19.6,0.03267,"2,059.32",0.1153
19.7,0.03283,"2,077.70",0.1163
19.8,0.03299,"2,097.59",0.11735
19.9,0.03316,"2,117.37",0.11842
20,0.03333,"2,136.21",0.11936
20.1,0.0335,"2,156.62",0.12042
20.2,0.03366,"2,175.41",0.12149
20.3,0.03383,"2,195.49",0.12256
20.4,0.034,"2,215.82",0.12373
20.5,0.03416,"2,235.67",0.12469
20.6,0.03433,"2,256.10",0.12577
20.7,0.03449,"2,275.45",0.12674
20.8,0.03466,"2,295.58",0.12789
20.9,0.03483,"2,316.06",0.12893
21,0.03499,"2,336.46",0.12992
21.1,0.03517,"2,357.27",0.13105
21.2,0.03533,"2,377.20",0.13208
21.3,0.0355,"2,397.31",0.13306
21.4,0.03566,"2,418.14",0.13407
21.5,0.03583,"2,438.48",0.13514
21.6,0.036,"2,460.02",0.13621
21.7,0.03616,"2,480.39",0.13729
21.8,0.03633,"2,501.00",0.13832
21.9,0.0365,"2,521.69",0.13936
22,0.03666,"2,542.45",0.1404
22.1,0.03683,"2,564.21",0.14152
22.2,0.03699,"2,584.12",0.14255
22.3,0.03717,"2,606.05",0.14364
22.4,0.03733,"2,626.47",0.14477
22.5,0.03749,"2,647.02",0.14577
22.6,0.03766,"2,668.83",0.14694
22.7,0.03783,"2,689.62",0.14806
22.8,0.038,"2,711.23",0.14916
22.9,0.03816,"2,732.49",0.15027
23,0.03833,"2,753.54",0.15133
23.1,0.0385,"2,774.72",0.15236
23.2,0.03866,"2,795.77",0.15343
23.3,0.03883,"2,817.73",0.15455
23.4,0.03899,"2,838.50",0.15557
23.5,0.03916,"2,859.66",0.1567
23.6,0.03933,"2,881.88",0.15777
23.7,0.03949,"2,902.79",0.15883
23.8,0.03967,"2,925.41",0.16001
23.9,0.03983,"2,946.69",0.161
24,0.04,"2,968.16",0.16214
24.1,0.04016,"2,990.05",0.16332
24.2,0.04033,"3,011.68",0.16444
24.3,0.0405,"3,034.12",0.16559
24.4,0.04066,"3,055.21",0.16667
24.5,0.04083,"3,077.22",0.16777
24.6,0.041,"3,098.85",0.16894
24.7,0.04116,"3,120.36",0.17003
24.8,0.04133,"3,142.80",0.17118
24.9,0.04149,"3,164.67",0.17226
25,0.04167,"3,186.99",0.17341
25.1,0.04183,"3,209.45",0.1745
25.2,0.04199,"3,230.76",0.17558
25.3,0.04216,"3,253.40",0.17678
25.4,0.04233,"3,274.84",0.17775
25.5,0.0425,"3,297.76",0.17895
25.6,0.04266,"3,319.80",0.18001
25.7,0.04283,"3,341.76",0.18113
25.8,0.043,"3,364.08",0.1823
25.9,0.04316,"3,385.63",0.18332
26,0.04333,"3,408.51",0.18453
26.1,0.0435,"3,431.00",0.18568
26.2,0.04366,"3,453.25",0.18677
26.3,0.04383,"3,476.21",0.18796
26.4,0.04399,"3,498.17",0.18907
26.5,0.04416,"3,521.01",0.19028
26.6,0.04433,"3,543.54",0.19134
26.7,0.0445,"3,565.91",0.19244
26.8,0.04467,"3,589.24",0.1936
26.9,0.04483,"3,610.68",0.19466
27,0.045,"3,634.32",0.19583
27.1,0.04516,"3,656.11",0.19692
27.2,0.04533,"3,679.07",0.19803
27.3,0.0455,"3,702.64",0.19916
27.4,0.04566,"3,724.94",0.20034
27.5,0.04583,"3,747.79",0.20148
27.6,0.04599,"3,770.42",0.20249
27.7,0.04616,"3,793.04",0.2037
27.8,0.04633,"3,816.85",0.20487
27.9,0.04649,"3,839.65",0.20604
28,0.04666,"3,863.03",0.20719
28.1,0.04683,"3,885.29",0.20833
28.2,0.047,"3,908.89",0.20935
28.3,0.04716,"3,931.98",0.21059
28.4,0.04733,"3,955.01",0.21179
28.5,0.0475,"3,978.51",0.21303
28.6,0.04766,"4,000.90",0.21411
28.7,0.04783,"4,024.37",0.21527
28.8,0.04799,"4,047.92",0.21644
28.9,0.04816,"4,071.09",0.2176
29,0.04833,"4,095.59",0.21879
29.1,0.0485,"4,117.39",0.21982
29.2,0.04866,"4,140.99",0.22105
29.3,0.04883,"4,164.33",0.22211
29.4,0.04899,"4,187.89",0.22335
29.5,0.04917,"4,211.90",0.22453
29.6,0.04933,"4,235.14",0.22564
29.7,0.0495,"4,258.29",0.22682
29.8,0.04966,"4,281.30",0.22795
29.9,0.04983,"4,304.65",0.22907
30,0.05,"4,329.70",0.23038
30.1,0.05016,"4,352.54",0.23157
30.2,0.05033,"4,377.05",0.23271
30.3,0.05049,"4,399.78",0.23387
30.4,0.05066,"4,423.01",0.23498
30.5,0.05083,"4,447.54",0.23623
30.6,0.051,"4,471.11",0.23735
30.7,0.05117,"4,495.50",0.2386
30.8,0.05133,"4,518.96",0.23974
30.9,0.05149,"4,542.11",0.24088
31,0.05166,"4,566.43",0.24206
31.1,0.05183,"4,589.70",0.24319
31.2,0.052,"4,614.45",0.24448
31.3,0.05216,"4,637.92",0.24557
31.4,0.05233,"4,661.69",0.24679
31.5,0.05249,"4,685.72",0.24795
31.6,0.05266,"4,709.34",0.24912
31.7,0.05283,"4,734.36",0.25041
31.8,0.053,"4,757.85",0.25164
31.9,0.05317,"4,781.92",0.25275
32,0.05333,"4,805.97",0.25397
32.1,0.05349,"4,829.47",0.25509
32.2,0.05366,"4,854.63",0.2563
32.3,0.05383,"4,878.53",0.25745
32.4,0.054,"4,902.79",0.25862
32.5,0.05416,"4,927.22",0.25977
32.6,0.05432,"4,950.66",0.26094
32.7,0.0545,"4,975.96",0.26213
32.8,0.05466,"4,999.76",0.26329
32.9,0.05483,"5,024.94",0.2645
33,0.055,"5,049.35",0.26579
33.1,0.05516,"5,072.96",0.26696
33.2,0.05533,"5,097.91",0.2682
33.3,0.05549,"5,121.78",0.26932
33.4,0.05567,"5,147.09",0.2707
33.5,0.05583,"5,171.50",0.27176
33.6,0.056,"5,195.50",0.2729
33.7,0.05616,"5,219.82",0.27411
33.8,0.05633,"5,243.82",0.27524
33.9,0.0565,"5,269.09",0.27646
34,0.05666,"5,293.47",0.27766
34.1,0.05683,"5,317.90",0.27884
34.2,0.057,"5,342.49",0.27998
34.3,0.05716,"5,366.26",0.28117
34.4,0.05733,"5,391.60",0.28231
34.5,0.05749,"5,416.03",0.28352
34.6,0.05767,"5,440.80",0.28467
34.7,0.05783,"5,466.08",0.28598
34.8,0.05799,"5,489.94",0.28713
34.9,0.05816,"5,514.97",0.28835
35,0.05833,"5,539.11",0.28951
35.1,0.0585,"5,564.16",0.29072
35.2,0.05866,"5,589.33",0.29203
35.3,0.05883,"5,613.66",0.29325
35.4,0.059,"5,638.73",0.29451
35.5,0.05916,"5,662.69",0.29565
35.6,0.05933,"5,687.75",0.297
35.7,0.0595,"5,713.12",0.29821
35.8,0.05966,"5,737.40",0.29938
35.9,0.05983,"5,762.56",0.30068
36,0.05999,"5,786.74",0.30176
36.1,0.06016,"5,811.68",0.30305
36.2,0.06033,"5,836.94",0.30417
36.3,0.06049,"5,861.50",0.30535
36.4,0.06067,"5,887.05",0.30662
36.5,0.06083,"5,911.14",0.30784
36.6,0.06099,"5,936.23",0.30907
36.7,0.06116,"5,961.14",0.3103
36.8,0.06133,"5,986.31",0.31156
36.9,0.0615,"6,011.67",0.3128
37,0.06166,"6,035.83",0.31405
37.1,0.06183,"6,061.34",0.31534
37.2,0.06199,"6,085.76",0.31651
37.3,0.06216,"6,110.80",0.31773
37.4,0.06233,"6,136.76",0.31903
37.5,0.0625,"6,161.26",0.32022
37.6,0.06266,"6,186.43",0.32142
37.7,0.06283,"6,210.86",0.32264
37.8,0.06299,"6,235.07",0.32385
37.9,0.06316,"6,261.35",0.32524
38,0.06333,"6,286.03",0.3264
38.1,0.0635,"6,311.87",0.32774
38.2,0.06366,"6,336.10",0.3289
38.3,0.06383,"6,360.51",0.33016
38.4,0.064,"6,386.79",0.33147
38.5,0.06416,"6,410.87",0.33272
38.6,0.06433,"6,436.90",0.33409
38.7,0.06449,"6,461.27",0.33528
38.8,0.06466,"6,485.77",0.33655
38.9,0.06483,"6,510.97",0.33779
39,0.06499,"6,536.30",0.33901
39.1,0.06517,"6,561.87",0.34029
39.2,0.06533,"6,586.50",0.34146
39.3,0.0655,"6,611.21",0.34272
39.4,0.06566,"6,635.74",0.34391
39.5,0.06582,"6,660.66",0.34509
39.6,0.066,"6,686.58",0.3464
39.7,0.06616,"6,711.13",0.34762
39.8,0.06633,"6,736.18",0.34897
39.9,0.0665,"6,760.70",0.35023
40,0.06666,"6,785.10",0.35149
40.1,0.06683,"6,811.26",0.35279
40.2,0.06699,"6,835.48",0.35414
40.3,0.06717,"6,861.12",0.35538
40.4,0.06733,"6,885.29",0.35666
40.5,0.06749,"6,910.03",0.35781
40.6,0.06766,"6,936.07",0.35925
40.7,0.06783,"6,960.38",0.36048
40.8,0.068,"6,986.14",0.36181
40.9,0.06816,"7,011.08",0.36313
41,0.06833,"7,035.46",0.36429
41.1,0.06849,"7,060.46",0.36562
41.2,0.06866,"7,085.25",0.3668
41.3,0.06883,"7,110.70",0.36806
41.4,0.069,"7,135.56",0.36938
41.5,0.06916,"7,159.94",0.3707
41.6,0.06933,"7,185.20",0.37188
41.7,0.06949,"7,209.31",0.37312
41.8,0.06966,"7,235.02",0.37452
41.9,0.06983,"7,259.94",0.37568
42,0.07,"7,285.09",0.37706
42.1,0.07016,"7,309.84",0.3783
42.2,0.07033,"7,334.04",0.37966
42.3,0.0705,"7,360.07",0.38092
42.4,0.07066,"7,384.26",0.38223
42.5,0.07083,"7,409.85",0.38352
42.6,0.071,"7,434.98",0.38486
42.7,0.07116,"7,459.34",0.38606
42.8,0.07133,"7,484.91",0.3875
42.9,0.07149,"7,509.82",0.38876
43,0.07166,"7,535.12",0.39019
43.1,0.07183,"7,560.41",0.39158
43.2,0.07199,"7,584.56",0.39292
43.3,0.07216,"7,609.63",0.39424
43.4,0.07233,"7,634.13",0.3955
43.5,0.0725,"7,659.62",0.39691
43.6,0.07267,"7,684.97",0.39825
43.7,0.07283,"7,709.22",0.39956
43.8,0.073,"7,734.52",0.40086
43.9,0.07316,"7,757.66",0.40211
44,0.07333,"7,783.06",0.40346
44.1,0.07349,"7,807.69",0.40485
44.2,0.07367,"7,833.05",0.40632
44.3,0.07383,"7,858.14",0.40766
44.4,0.074,"7,882.06",0.40894
44.5,0.07416,"7,906.91",0.41052
44.6,0.07432,"7,930.82",0.41189
44.7,0.07449,"7,955.93",0.41335
44.8,0.07466,"7,981.43",0.41483
44.9,0.07483,"8,005.31",0.41625
45,0.075,"8,029.93",0.41783
45.1,0.07516,"8,054.00",0.41921
45.2,0.07533,"8,078.16",0.42071
45.3,0.0755,"8,103.81",0.4223
45.4,0.07566,"8,127.31",0.42369
45.5,0.07583,"8,152.23",0.42529
45.6,0.07599,"8,175.34",0.42678
45.7,0.07616,"8,199.25",0.42826
45.8,0.07633,"8,224.24",0.42988
45.9,0.0765,"8,248.14",0.43156
46,0.07666,"8,272.03",0.43317
46.1,0.07682,"8,295.49",0.43473
46.2,0.077,"8,318.91",0.43641
46.3,0.07716,"8,342.83",0.43814
46.4,0.07733,"8,366.38",0.43989
46.5,0.0775,"8,390.69",0.44162
46.6,0.07766,"8,412.50",0.44337
46.7,0.07783,"8,435.98",0.4452
46.8,0.07799,"8,459.00",0.44701
46.9,0.07816,"8,482.22",0.44873
47,0.07833,"8,506.32",0.45079
47.1,0.0785,"8,528.68",0.45269
47.2,0.07866,"8,551.05",0.45466
47.3,0.07883,"8,573.63",0.4566
47.4,0.07899,"8,595.61",0.45858
47.5,0.07917,"8,620.06",0.46072
47.6,0.07933,"8,641.67",0.4628
47.7,0.0795,"8,664.03",0.46493
47.8,0.07966,"8,685.20",0.46704
47.9,0.07983,"8,706.34",0.4692
48,0.08,"8,728.45",0.47152
48.1,0.08016,"8,749.98",0.47383
48.2,0.08033,"8,771.12",0.47619
48.3,0.08049,"8,791.62",0.47862
48.4,0.08066,"8,812.18",0.48091
48.5,0.08083,"8,832.65",0.48352
48.6,0.08099,"8,852.74",0.48603
48.7,0.08117,"8,873.88",0.48859
48.8,0.08133,"8,893.35",0.49122
48.9,0.08149,"8,911.99",0.49396
49,0.08166,"8,931.90",0.49679
49.1,0.08183,"8,949.98",0.49967
49.2,0.082,"8,969.56",0.50269
49.3,0.08216,"8,988.22",0.5058
49.4,0.08233,"9,005.36",0.50861
49.5,0.08249,"9,022.98",0.51193
49.6,0.08266,"9,039.87",0.51532
49.7,0.08283,"9,057.29",0.51868
49.8,0.083,"9,073.57",0.52227
49.9,0.08317,"9,089.35",0.52589
50,0.08333,"9,103.75",0.52967
50.1,0.08349,"9,118.58",0.53354
50.2,0.08366,"9,132.70",0.5376
50.3,0.08383,"9,145.95",0.54181
50.4,0.084,"9,159.24",0.54622
50.5,0.08416,"9,170.71",0.55069
50.6,0.08433,"9,181.84",0.55527
50.7,0.08449,"9,192.98",0.56022
50.8,0.08466,"9,202.24",0.56511
50.9,0.08483,"9,212.90",0.57019
51,0.085,"9,221.71",0.57564
51.1,0.08516,"9,228.62",0.58101
51.2,0.08533,"9,236.52",0.5867
51.3,0.08549,"9,242.77",0.59224
51.4,0.08567,"9,250.40",0.59818
51.5,0.08583,"9,256.58",0.60431
51.6,0.086,"9,261.83",0.61039
51.7,0.08617,"9,266.83",0.61655
51.8,0.08633,"9,270.75",0.62275
51.9,0.0865,"9,275.73",0.62906
52,0.08666,"9,280.24",0.63565
52.1,0.08683,"9,284.44",0.64217
52.2,0.087,"9,288.32",0.64884
52.3,0.08716,"9,290.85",0.65542
52.4,0.08733,"9,294.31",0.66216
52.5,0.0875,"9,297.59",0.66896
52.6,0.08767,"9,301.12",0.67565
52.7,0.08784,"9,304.84",0.68275
52.8,0.088,"9,306.30",0.68954
52.9,0.08816,"9,309.41",0.69644
53,0.08833,"9,311.45",0.7033
53.1,0.0885,"9,314.11",0.71012
53.2,0.08867,"9,317.57",0.71728
53.3,0.08883,"9,319.63",0.72443
53.4,0.089,"9,321.73",0.73158
53.5,0.08916,"9,323.29",0.73854
53.6,0.08933,"9,325.82",0.7457
53.7,0.0895,"9,327.72",0.75286
53.8,0.08966,"9,329.49",0.75997
53.9,0.08983,"9,332.52",0.76721
54,0.08999,"9,332.85",0.7743
54.1,0.09016,"9,335.35",0.78155
54.2,0.09033,"9,337.33",0.78888
54.3,0.0905,"9,338.88",0.79592
54.4,0.09067,"9,341.40",0.8033
54.5,0.09083,"9,342.44",0.8105
54.6,0.091,"9,344.38",0.8177
54.7,0.09116,"9,346.11",0.82495
54.8,0.09133,"9,347.94",0.83225
54.9,0.0915,"9,350.14",0.83964
55,0.09167,"9,351.19",0.84689
55.1,0.09183,"9,352.98",0.85419
55.2,0.092,"9,354.36",0.86135
55.3,0.09216,"9,355.91",0.86877
55.4,0.09233,"9,357.94",0.87613
55.5,0.0925,"9,359.50",0.88345
55.6,0.09267,"9,361.26",0.89089
55.7,0.09283,"9,361.67",0.89829
55.8,0.093,"9,363.36",0.90547
55.9,0.09316,"9,365.06",0.91286
56,0.09333,"9,366.66",0.92003
56.1,0.0935,"9,369.51",0.92763
56.2,0.09366,"9,369.44",0.935
56.3,0.09383,"9,370.81",0.9421
56.4,0.094,"9,372.40",0.9496
56.5,0.09416,"9,373.75",0.95693
56.6,0.09434,"9,376.57",0.96422
56.7,0.0945,"9,377.20",0.97164
56.8,0.09467,"9,378.30",0.97901
56.9,0.09483,"9,379.92",0.98631
57,0.09499,"9,380.88",0.99363
57.1,0.09517,"9,383.42",1.0011
57.2,0.09533,"9,384.35",1.00847
57.3,0.0955,"9,385.61",1.01585
57.4,0.09567,"9,387.40",1.02322
57.5,0.09583,"9,388.43",1.03064
57.6,0.096,"9,390.21",1.03805
57.7,0.09616,"9,391.21",1.04539
57.8,0.09634,"9,393.39",1.05269
57.9,0.0965,"9,394.25",1.06033
58,0.09666,"9,395.23",1.06751
58.1,0.09683,"9,397.26",1.07493
58.2,0.097,"9,398.38",1.08228
58.3,0.09717,"9,400.39",1.08973
58.4,0.09733,"9,401.77",1.09723
58.5,0.09749,"9,402.32",1.10458
58.6,0.09766,"9,404.49",1.11188
58.7,0.09783,"9,405.16",1.11937
58.8,0.098,"9,407.07",1.12678
58.9,0.09817,"9,408.58",1.13417
59,0.09833,"9,409.16",1.14145
59.1,0.0985,"9,411.39",1.14889
59.2,0.09866,"9,411.81",1.15627
59.3,0.09883,"9,413.78",1.16362
59.4,0.099,"9,415.17",1.17105
59.5,0.09917,"9,416.49",1.17843
59.6,0.09933,"9,417.49",1.18578
59.7,0.09949,"9,418.88",1.19291
59.8,0.09966,"9,420.67",1.20046
59.9,0.09983,"9,422.19",1.20784
60,0.1,"9,423.72",1.21524
60.1,0.10016,"9,425.11",1.22258
60.2,0.10033,"9,425.50",1.22996
60.3,0.1005,"9,427.58",1.2373
60.4,0.10066,"9,428.49",1.24464
60.5,0.10083,"9,430.45",1.25199
60.6,0.101,"9,432.28",1.25949
60.7,0.10116,"9,432.71",1.26662
60.8,0.10133,"9,434.44",1.27414
60.9,0.10149,"9,435.10",1.28141
61,0.10167,"9,437.13",1.28884
61.1,0.10183,"9,438.92",1.2962
61.2,0.102,"9,440.08",1.30355
61.3,0.10217,"9,441.67",1.31089
61.4,0.10233,"9,441.94",1.31826
61.5,0.1025,"9,443.59",1.32551
61.6,0.10266,"9,445.78",1.33277
61.7,0.10283,"9,447.23",1.34027
61.8,0.103,"9,449.08",1.34775
61.9,0.10316,"9,449.22",1.35495
62,0.10333,"9,450.73",1.36219
62.1,0.10349,"9,451.94",1.36963
62.2,0.10366,"9,453.33",1.37684
62.3,0.10383,"9,455.91",1.38424
62.4,0.104,"9,455.90",1.39159
62.5,0.10416,"9,457.72",1.39885
62.6,0.10433,"9,459.20",1.4063
62.7,0.1045,"9,460.38",1.41365
62.8,0.10467,"9,462.72",1.42106
62.9,0.10483,"9,463.25",1.4284
63,0.105,"9,464.79",1.4358
63.1,0.10516,"9,465.74",1.44312
63.2,0.10533,"9,467.00",1.45043
63.3,0.1055,"9,469.11",1.4579
63.4,0.10567,"9,469.98",1.46526
63.5,0.10583,"9,471.65",1.47257
63.6,0.10599,"9,472.27",1.47989
63.7,0.10616,"9,473.20",1.48722
63.8,0.10633,"9,475.28",1.4946
63.9,0.1065,"9,476.91",1.50193
64,0.10667,"9,478.75",1.50934
64.10001,0.10683,"9,478.80",1.51677
64.2,0.107,"9,480.28",1.52398
64.3,0.10716,"9,481.94",1.53128
64.4,0.10733,"9,483.21",1.53859
64.5,0.1075,"9,485.81",1.54603
64.60001,0.10766,"9,485.73",1.55324
64.7,0.10783,"9,487.11",1.56056
64.8,0.10799,"9,488.46",1.56781
64.9,0.10816,"9,489.92",1.57511
65,0.10833,"9,492.42",1.58246
65.10001,0.1085,"9,493.45",1.58991
65.2,0.10867,"9,494.68",1.59714
65.3,0.10883,"9,495.43",1.60442
65.4,0.10899,"9,496.62",1.61163
65.5,0.10916,"9,498.67",1.61906
65.60001,0.10933,"9,500.43",1.62633
65.70001,0.1095,"9,501.89",1.63363
65.8,0.10966,"9,502.39",1.641
65.9,0.10983,"9,503.30",1.64838
66,0.10999,"9,505.17",1.65565
66.10001,0.11016,"9,506.21",1.66284
66.20001,0.11033,"9,508.53",1.67037
66.3,0.1105,"9,509.06",1.67762
66.4,0.11066,"9,510.03",1.68488
66.5,0.11083,"9,512.08",1.69226
66.60001,0.11099,"9,512.78",1.69951
66.70001,0.11117,"9,515.11",1.70687
66.8,0.11133,"9,515.79",1.71424
66.9,0.1115,"9,516.82",1.72147
67,0.11166,"9,518.23",1.72883
67.10001,0.11183,"9,519.02",1.73605
67.20001,0.112,"9,520.95",1.74346
67.3,0.11216,"9,522.10",1.75076
67.4,0.11233,"9,523.42",1.758
67.5,0.1125,"9,524.50",1.76535
67.60001,0.11266,"9,525.52",1.77258
67.70001,0.11283,"9,527.45",1.77972
67.8,0.113,"9,528.37",1.78704
67.9,0.11317,"9,530.22",1.79436
68,0.11333,"9,531.68",1.80174
68.10001,0.11349,"9,532.24",1.80888
68.20001,0.11366,"9,534.40",1.81617
68.3,0.11383,"9,535.48",1.82351
68.4,0.114,"9,537.29",1.8309
68.5,0.11417,"9,538.75",1.83813
68.60001,0.11433,"9,539.48",1.84548
68.70001,0.1145,"9,540.86",1.85287
68.8,0.11466,"9,541.71",1.86011
68.9,0.11483,"9,543.58",1.86744
69,0.115,"9,544.71",1.87478
69.10001,0.11517,"9,546.11",1.88205
69.20001,0.11533,"9,547.18",1.8895
69.3,0.11549,"9,547.36",1.89665
69.4,0.11566,"9,549.80",1.90381
69.5,0.11583,"9,551.58",1.91132
69.60001,0.116,"9,552.17",1.91856
69.70001,0.11617,"9,554.39",1.9259
69.8,0.11633,"9,554.27",1.93313
69.9,0.1165,"9,555.65",1.94035
70,0.11666,"9,557.28",1.94761
70.10001,0.11683,"9,559.01",1.95494
70.20001,0.117,"9,560.96",1.96217
70.3,0.11716,"9,561.66",1.96955
70.4,0.11733,"9,562.82",1.97685
70.5,0.11749,"9,563.36",1.9842
70.60001,0.11767,"9,564.90",1.99146
70.70001,0.11783,"9,567.02",1.99888
70.8,0.118,"9,568.01",2.00619
70.9,0.11817,"9,569.17",2.01357
71,0.11833,"9,570.01",2.02081
71.10001,0.1185,"9,570.96",2.02798
71.20001,0.11867,"9,572.81",2.03537
71.3,0.11883,"9,574.39",2.04267
71.4,0.119,"9,575.97",2.04988
71.5,0.11916,"9,575.83",2.05716
71.60001,0.11933,"9,577.18",2.06428
71.70001,0.1195,"9,578.91",2.07178
71.8,0.11966,"9,580.14",2.07894
71.9,0.11983,"9,582.38",2.08631
72,0.12,"9,582.42",2.09355
72.10001,0.12016,"9,584.08",2.10083
72.20001,0.12033,"9,585.30",2.10802
72.3,0.1205,"9,586.52",2.11523
72.4,0.12067,"9,588.92",2.12266
72.5,0.12083,"9,589.06",2.12991
72.60001,0.121,"9,590.10",2.13712
72.70001,0.12116,"9,591.58",2.14453
72.8,0.12133,"9,592.69",2.15171
72.9,0.1215,"9,594.96",2.15923
73,0.12167,"9,595.85",2.16666
73.10001,0.12183,"9,596.60",2.17379
73.20001,0.12199,"9,597.25",2.18116
73.3,0.12216,"9,598.26",2.18838
73.4,0.12233,"9,600.75",2.19578
73.5,0.1225,"9,601.90",2.2031
73.60001,0.12267,"9,603.66",2.21046
73.70001,0.12283,"9,603.36",2.21779
73.8,0.12299,"9,603.91",2.22508
73.9,0.12316,"9,606.01",2.23229
74,0.12333,"9,606.82",2.23953
74.10001,0.1235,"9,609.23",2.24694
74.20001,0.12367,"9,609.77",2.25426
74.3,0.12383,"9,610.37",2.26143
74.4,0.12399,"9,611.87",2.26862
74.5,0.12416,"9,612.59",2.27579
74.60001,0.12433,"9,615.27",2.28328
74.70001,0.1245,"9,616.39",2.29062
74.8,0.12467,"9,616.70",2.29783
74.9,0.12483,"9,618.06",2.30519
75,0.125,"9,618.80",2.31242
75.10001,0.12516,"9,620.41",2.31974
75.20001,0.12533,"9,621.87",2.32707
75.3,0.1255,"9,623.23",2.33434
75.4,0.12566,"9,624.24",2.34173
75.5,0.12583,"9,625.28",2.34907
75.60001,0.126,"9,626.95",2.35617
75.70001,0.12617,"9,627.65",2.36345
75.8,0.12634,"9,629.76",2.37078
75.9,0.1265,"9,630.60",2.37817
76,0.12666,"9,630.96",2.38536
76.10001,0.12683,"9,632.58",2.39259
76.20001,0.12699,"9,632.96",2.39993
76.3,0.12717,"9,634.87",2.40738
76.4,0.12733,"9,636.30",2.41456
76.5,0.1275,"9,637.00",2.42183
76.60001,0.12766,"9,638.44",2.42926
76.70001,0.12783,"9,638.69",2.43638
76.8,0.128,"9,640.85",2.44361
76.9,0.12817,"9,642.10",2.451
77,0.12833,"9,642.90",2.45821
77.10001,0.1285,"9,644.27",2.46566
77.20001,0.12866,"9,644.50",2.47298
77.3,0.12883,"9,646.27",2.48014
77.4,0.129,"9,647.68",2.48747
77.5,0.12917,"9,649.10",2.49492
77.60001,0.12933,"9,650.49",2.5022
77.70001,0.1295,"9,650.12",2.50945
77.8,0.12967,"9,651.87",2.51681
77.9,0.12983,"9,652.58",2.52396
78,0.13,"9,654.09",2.53147
78.10001,0.13017,"9,656.12",2.53876
78.20001,0.13033,"9,656.38",2.54602
78.3,0.1305,"9,657.54",2.55342
78.4,0.13066,"9,657.74",2.56061
78.5,0.13083,"9,659.37",2.56779
78.60001,0.131,"9,661.80",2.57532
78.70001,0.13117,"9,662.47",2.5826
78.8,0.13133,"9,663.60",2.59002
78.9,0.13149,"9,663.87",2.59731
79,0.13166,"9,664.85",2.60447
79.10001,0.13183,"9,666.82",2.61188
79.20001,0.132,"9,667.80",2.61929
79.3,0.13217,"9,669.59",2.62658
79.4,0.13233,"9,669.57",2.63396
79.5,0.1325,"9,670.89",2.64119
79.60001,0.13266,"9,671.67",2.6484
79.70001,0.13283,"9,672.91",2.65585
79.8,0.133,"9,675.37",2.66324
79.9,0.13317,"9,674.97",2.67036
80,0.13333,"9,676.17",2.67785
80.10001,0.1335,"9,676.84",2.68521
80.20001,0.13366,"9,678.01",2.6922
80.3,0.13383,"9,680.03",2.69954
80.4,0.134,"9,680.83",2.70688
80.50001,0.13417,"9,681.71",2.71431
80.60001,0.13433,"9,682.48",2.72152
80.70001,0.1345,"9,683.75",2.72874
80.8,0.13467,"9,685.59",2.73627
80.9,0.13483,"9,686.48",2.74362
81.00001,0.135,"9,687.99",2.75089
81.10001,0.13516,"9,687.84",2.75825
81.20001,0.13533,"9,688.42",2.76553
81.3,0.1355,"9,690.15",2.7729
81.4,0.13566,"9,691.42",2.78016
81.50001,0.13584,"9,693.13",2.78731
81.60001,0.136,"9,692.75",2.79478
81.70001,0.13616,"9,693.67",2.80203
81.8,0.13633,"9,694.84",2.80917
81.9,0.13649,"9,695.89",2.8164
82.00001,0.13667,"9,698.57",2.82391
82.10001,0.13683,"9,698.52",2.83122
82.20001,0.137,"9,699.04",2.83839
82.3,0.13716,"9,700.37",2.84576
82.4,0.13733,"9,701.07",2.85299
82.50001,0.1375,"9,703.38",2.86054
82.60001,0.13767,"9,703.81",2.86778
82.70001,0.13783,"9,704.92",2.87496
82.8,0.138,"9,705.65",2.88249
82.9,0.13816,"9,706.06",2.88972
83.00001,0.13833,"9,708.07",2.89703
83.10001,0.1385,"9,708.83",2.90446
83.20001,0.13867,"9,710.03",2.9117
83.3,0.13883,"9,710.70",2.91897
83.4,0.13899,"9,711.22",2.92623
83.50001,0.13916,"9,713.04",2.93342
83.60001,0.13933,"9,713.83",2.94078
83.70001,0.1395,"9,715.58",2.94831
83.8,0.13966,"9,716.27",2.95569
83.9,0.13983,"9,716.45",2.96313
84.00001,0.13999,"9,717.65",2.97044
84.10001,0.14016,"9,718.40",2.97765
84.20001,0.14033,"9,719.88",2.98514
84.3,0.1405,"9,721.23",2.99252
84.4,0.14066,"9,721.22",2.99978
84.50001,0.14083,"9,722.45",3.00722
84.60001,0.14099,"9,723.16",3.01434
84.70001,0.14117,"9,725.02",3.02166
84.8,0.14133,"9,725.72",3.02912
84.9,0.1415,"9,726.53",3.03633
85.00001,0.14167,"9,727.75",3.04385
85.10001,0.14183,"9,727.65",3.05103
85.20001,0.142,"9,729.63",3.05831
85.3,0.14216,"9,730.18",3.06582
85.4,0.14233,"9,731.57",3.07325
85.50001,0.1425,"9,732.35",3.08048
85.60001,0.14266,"9,732.71",3.08768
85.70001,0.14283,"9,733.99",3.09508
85.8,0.14299,"9,734.34",3.10232
85.9,0.14317,"9,735.83",3.10984
86.00001,0.14333,"9,737.46",3.11706
86.10001,0.1435,"9,737.76",3.12431
86.20001,0.14366,"9,739.05",3.13193
86.3,0.14383,"9,739.17",3.13914
86.4,0.144,"9,740.07",3.1462
86.50001,0.14417,"9,741.88",3.15375
86.60001,0.14433,"9,742.19",3.16113
86.70001,0.1445,"9,743.70",3.16859
86.8,0.14466,"9,743.55",3.17569
86.9,0.14483,"9,744.70",3.1829
87.00001,0.145,"9,745.75",3.19055
87.10001,0.14516,"9,746.96",3.1977
87.20001,0.14533,"9,748.42",3.20495
87.3,0.14549,"9,748.33",3.21236
87.4,0.14566,"9,749.72",3.21976
87.50001,0.14583,"9,750.62",3.22703
87.60001,0.146,"9,752.08",3.23445
87.70001,0.14617,"9,753.75",3.2418
87.8,0.14633,"9,753.54",3.24926
87.9,0.1465,"9,754.66",3.25661
88.00001,0.14666,"9,754.89",3.26372
88.10001,0.14683,"9,755.64",3.27113
88.20001,0.147,"9,757.92",3.27872
88.3,0.14717,"9,758.10",3.28588
88.4,0.14733,"9,759.13",3.29336
88.50001,0.14749,"9,759.36",3.30076
88.60001,0.14766,"9,759.82",3.30793
88.70001,0.14783,"9,761.59",3.31552
88.8,0.148,"9,762.37",3.32278
88.9,0.14817,"9,763.94",3.33009
89.00001,0.14833,"9,763.81",3.33773
89.10001,0.1485,"9,764.69",3.34488
89.20001,0.14866,"9,765.48",3.35221
89.3,0.14883,"9,766.77",3.35964
89.4,0.149,"9,768.50",3.36691
89.50001,0.14916,"9,768.49",3.37442
89.60001,0.14933,"9,768.91",3.38176
89.70001,0.14949,"9,770.09",3.38902
89.8,0.14966,"9,770.76",3.39636
89.9,0.14983,"9,772.58",3.4039
90.00001,0.15,"9,772.81",3.41119
90.10001,0.15017,"9,773.78",3.41873
90.20001,0.15033,"9,774.69",3.42608
90.3,0.1505,"9,774.83",3.43349
90.4,0.15066,"9,776.36",3.441
90.50001,0.15083,"9,776.66",3.4482
90.60001,0.151,"9,777.40",3.45557
90.70001,0.15116,"9,778.07",3.46312
90.8,0.15133,"9,778.62",3.4703
90.9,0.1515,"9,780.10",3.47765
91.00001,0.15167,"9,780.72",3.48507
91.10001,0.15184,"9,782.23",3.49244
91.20001,0.152,"9,782.16",3.49996
91.3,0.15216,"9,782.79",3.50718
91.4,0.15233,"9,784.02",3.51442
91.50001,0.15249,"9,784.70",3.52199
91.60001,0.15267,"9,785.97",3.52932
91.70001,0.15283,"9,786.74",3.53668
91.8,0.153,"9,786.73",3.54412
91.9,0.15316,"9,787.70",3.55153
92.00001,0.15333,"9,788.22",3.55893
92.10001,0.1535,"9,790.30",3.56639
92.20001,0.15367,"9,791.10",3.57379
92.3,0.15383,"9,791.45",3.58133
92.4,0.154,"9,792.04",3.58881
92.50001,0.15416,"9,792.11",3.59595
92.60001,0.15433,"9,793.77",3.60332
92.70001,0.1545,"9,794.45",3.61083
92.8,0.15467,"9,795.60",3.61828
92.9,0.15483,"9,795.85",3.62587
93.00001,0.155,"9,796.04",3.63309
93.10001,0.15516,"9,797.36",3.64051
93.20001,0.15533,"9,797.40",3.64808
93.3,0.1555,"9,799.08",3.65517
93.4,0.15567,"9,800.22",3.6629
93.50001,0.15583,"9,800.19",3.67034
93.60001,0.156,"9,801.50",3.6777
93.70001,0.15616,"9,801.48",3.68516
93.8,0.15633,"9,802.86",3.69254
93.9,0.1565,"9,804.03",3.70005
94.00001,0.15666,"9,804.15",3.70757
94.10001,0.15683,"9,805.33",3.71502
94.20001,0.15699,"9,805.12",3.72233
94.3,0.15716,"9,806.21",3.72988
94.4,0.15733,"9,807.35",3.73725
94.50001,0.1575,"9,808.05",3.74467
94.60001,0.15767,"9,809.09",3.75231
94.70001,0.15783,"9,808.91",3.75953
94.8,0.158,"9,809.99",3.767
94.9,0.15816,"9,810.93",3.77448
95.00001,0.15833,"9,811.79",3.78183
95.10001,0.1585,"9,813.15",3.78959
95.20001,0.15866,"9,812.79",3.79683
95.3,0.15883,"9,813.71",3.8042
95.4,0.159,"9,814.47",3.81192
95.50001,0.15916,"9,815.22",3.81916
95.60001,0.15933,"9,816.90",3.82671
95.70001,0.1595,"9,816.67",3.8343
95.8,0.15966,"9,817.12",3.84153
95.9,0.15983,"9,817.33",3.84893
96.00001,0.16,"9,818.64",3.8564
96.10001,0.16017,"9,820.09",3.86389
96.20001,0.16033,"9,821.10",3.8715
96.3,0.1605,"9,821.54",3.8789
96.4,0.16066,"9,820.73",3.88627
96.50001,0.16083,"9,821.76",3.89388
96.60001,0.161,"9,822.96",3.90111
96.70001,0.16117,"9,823.73",3.90853
96.8,0.16134,"9,824.99",3.91617
96.9,0.1615,"9,824.49",3.92357
97.00001,0.16166,"9,824.69",3.93087
97.10001,0.16183,"9,825.87",3.9382
97.20001,0.162,"9,826.77",3.94574
97.3,0.16217,"9,828.57",3.95335
97.4,0.16233,"9,828.12",3.96073
97.50001,0.1625,"9,828.76",3.96804
97.60001,0.16266,"9,829.42",3.97577
97.70001,0.16283,"9,829.71",3.98314
97.8,0.163,"9,831.49",3.99047
97.9,0.16317,"9,831.74",3.99806
98.00001,0.16334,"9,832.47",4.00554
98.10001,0.1635,"9,832.69",4.01308
98.20001,0.16366,"9,833.12",4.02038
98.3,0.16383,"9,834.60",4.0278
98.4,0.164,"9,834.60",4.03555
98.50001,0.16417,"9,835.75",4.04304
98.60001,0.16433,"9,835.59",4.05032
98.70001,0.16449,"9,835.61",4.05781
98.8,0.16466,"9,837.31",4.06539
98.9,0.16483,"9,837.49",4.07263
99.00001,0.165,"9,838.82",4.08039
99.10001,0.16516,"9,838.91",4.08781
99.20001,0.16533,"9,838.80",4.09522
99.3,0.1655,"9,840.33",4.1028
99.4,0.16566,"9,840.87",4.11009
99.50001,0.16583,"9,842.21",4.1179
99.60001,0.166,"9,842.39",4.12534
99.70001,0.16616,"9,842.36",4.13271
99.8,0.16633,"9,843.27",4.14047
99.9,0.16649,"9,843.75",4.14782
100.00001,0.16667,"9,844.98",4.15525
100.10001,0.16683,"9,845.59",4.16301
100.20001,0.167,"9,846.36",4.17043
100.3,0.16716,"9,846.17",4.17796
100.4,0.16733,"9,846.24",4.1855
100.50001,0.1675,"9,847.81",4.19298
100.60001,0.16766,"9,848.01",4.20061
100.70001,0.16784,"9,849.12",4.20817
100.8,0.168,"9,849.10",4.21551
100.9,0.16816,"9,849.16",4.22309
101.00001,0.16833,"9,849.85",4.23051
101.10001,0.1685,"9,850.24",4.23786
101.20001,0.16867,"9,851.82",4.24542
101.3,0.16883,"9,852.20",4.25302
101.4,0.169,"9,852.67",4.26056
101.50001,0.16916,"9,853.41",4.26807
101.60001,0.16933,"9,852.95",4.27537
101.70001,0.1695,"9,854.42",4.28304
101.8,0.16967,"9,855.49",4.29066
101.9,0.16983,"9,855.31",4.29794
102.00001,0.17,"9,856.22",4.30571
102.10001,0.17016,"9,856.30",4.31313
102.20001,0.17033,"9,856.97",4.32062
102.3,0.1705,"9,857.64",4.32816
102.4,0.17067,"9,858.33",4.33567
102.50001,0.17083,"9,858.76",4.3432
102.60001,0.17099,"9,858.72",4.3506
102.70001,0.17117,"9,860.00",4.35805
102.8,0.17133,"9,860.47",4.36568
102.9,0.1715,"9,860.94",4.37318
103.00001,0.17167,"9,861.91",4.38068
103.10001,0.17183,"9,861.89",4.38832
103.20001,0.172,"9,862.97",4.39581
103.3,0.17216,"9,862.72",4.40321
103.4,0.17233,"9,863.59",4.41091
103.50001,0.1725,"9,864.92",4.41835
103.60001,0.17266,"9,864.39",4.42601
103.70001,0.17283,"9,865.46",4.43357
103.8,0.17299,"9,865.22",4.44093
103.9,0.17316,"9,865.71",4.44843
104.00001,0.17333,"9,867.59",4.45627
104.10001,0.1735,"9,867.94",4.46373
104.20001,0.17367,"9,868.39",4.47141
104.3,0.17383,"9,867.94",4.47882
104.4,0.174,"9,868.50",4.48629
104.50001,0.17416,"9,869.47",4.494
104.60001,0.17433,"9,870.46",4.50151
104.70001,0.1745,"9,871.26",4.50923
104.8,0.17466,"9,870.55",4.51683
104.9,0.17483,"9,871.11",4.52417
105.00001,0.17499,"9,871.47",4.53183
105.10001,0.17516,"9,872.13",4.53942
105.20001,0.17533,"9,873.93",4.547
105.3,0.1755,"9,873.40",4.55464
105.4,0.17567,"9,874.12",4.56209
105.50001,0.17583,"9,873.99",4.56979
105.60001,0.176,"9,873.93",4.57729
105.70001,0.17617,"9,876.02",4.58478
105.8,0.17633,"9,875.78",4.5924
105.9,0.1765,"9,876.55",4.60006
106.00001,0.17666,"9,876.27",4.60751
106.10001,0.17683,"9,876.27",4.61517
106.20001,0.177,"9,877.43",4.62275
106.3,0.17717,"9,878.33",4.6303
106.4,0.17734,"9,879.11",4.63808
106.50001,0.1775,"9,878.62",4.64548
106.60001,0.17766,"9,878.81",4.65322
106.70001,0.17783,"9,879.37",4.66082
106.8,0.178,"9,879.83",4.66804
106.9,0.17817,"9,881.39",4.67582
107.00001,0.17833,"9,880.91",4.68337
107.10001,0.1785,"9,880.97",4.69075
107.20001,0.17866,"9,881.81",4.69857
107.3,0.17883,"9,881.53",4.70592
107.4,0.179,"9,883.37",4.71355
107.50001,0.17917,"9,882.94",4.72115
107.60001,0.17933,"9,883.37",4.72876
107.70001,0.1795,"9,883.67",4.73636
107.8,0.17966,"9,883.73",4.7438
107.9,0.17983,"9,885.63",4.75135
108.00001,0.18,"9,885.84",4.75907
108.10001,0.18017,"9,886.03",4.76669
108.20001,0.18033,"9,886.03",4.77412
108.3,0.18049,"9,886.19",4.78179
108.4,0.18067,"9,887.18",4.78951
108.50001,0.18083,"9,887.81",4.79723
108.60001,0.18101,"9,888.72",4.80483
108.70001,0.18117,"9,888.43",4.81237
108.8,0.18133,"9,887.56",4.82007
108.9,0.18149,"9,888.53",4.82754
109.00001,0.18166,"9,888.73",4.83494
109.10001,0.18184,"9,890.16",4.84264
109.20001,0.182,"9,890.78",4.85029
109.3,0.18216,"9,890.29",4.85789
109.4,0.18233,"9,890.73",4.86552
109.50001,0.18249,"9,890.39",4.87282
109.60001,0.18267,"9,891.48",4.88057
109.70001,0.18284,"9,892.36",4.88823
109.8,0.183,"9,892.31",4.89572
109.9,0.18316,"9,892.50",4.90357
110.00001,0.18333,"9,892.11",4.91094
110.10001,0.1835,"9,893.26",4.91837
110.20001,0.18366,"9,893.48",4.92614
110.3,0.18383,"9,894.22",4.93362
110.4,0.184,"9,895.00",4.94136
110.50001,0.18416,"9,894.35",4.94888
110.60001,0.18433,"9,895.46",4.95637
110.70001,0.1845,"9,895.48",4.96416
110.8,0.18467,"9,896.22",4.97174
110.9,0.18484,"9,897.23",4.9793
111.00001,0.185,"9,896.46",4.98714
111.10001,0.18516,"9,897.40",4.99477
111.20001,0.18533,"9,897.19",5.00218
111.3,0.1855,"9,897.79",5.00984
111.4,0.18567,"9,898.39",5.01754
111.50001,0.18583,"9,898.66",5.02525
111.60001,0.186,"9,898.78",5.03289
111.70001,0.18616,"9,898.53",5.04034
111.8,0.18633,"9,898.99",5.04812
111.9,0.1865,"9,899.89",5.05567
112.00001,0.18667,"9,900.43",5.06323
112.10001,0.18683,"9,901.07",5.07106
112.20001,0.187,"9,900.36",5.07853
112.3,0.18716,"9,900.61",5.08604
112.4,0.18733,"9,901.17",5.09369
112.50001,0.1875,"9,901.55",5.10128
112.60001,0.18767,"9,903.24",5.10911
112.70001,0.18783,"9,902.03",5.11676
112.8,0.188,"9,902.83",5.12429
112.90001,0.18816,"9,902.59",5.1321
113.00001,0.18833,"9,903.09",5.13961
113.10001,0.1885,"9,904.97",5.14739
113.20001,0.18867,"9,904.17",5.15506
113.3,0.18883,"9,904.49",5.16257
113.40001,0.189,"9,904.50",5.17029
113.50001,0.18916,"9,904.51",5.17787
113.60001,0.18933,"9,905.92",5.18556
113.70001,0.1895,"9,905.80",5.19334
113.8,0.18967,"9,906.13",5.20101
113.90001,0.18983,"9,905.38",5.20866
114.00001,0.18999,"9,905.59",5.21637
114.10001,0.19016,"9,906.95",5.22387
114.20001,0.19033,"9,907.10",5.23168
114.3,0.1905,"9,908.16",5.23935
114.40001,0.19066,"9,907.53",5.24694
114.50001,0.19083,"9,907.41",5.2545
114.60001,0.19099,"9,908.06",5.26231
114.70001,0.19116,"9,908.51",5.27012
114.8,0.19134,"9,909.96",5.27795
114.90001,0.1915,"9,909.20",5.28555
115.00001,0.19167,"9,909.22",5.29327
115.10001,0.19183,"9,909.49",5.30101
115.20001,0.19199,"9,909.42",5.3086
115.3,0.19217,"9,910.43",5.31633
115.40001,0.19233,"9,910.53",5.32407
115.50001,0.1925,"9,910.41",5.33169
115.60001,0.19266,"9,910.54",5.33934
115.70001,0.19283,"9,910.54",5.34687
115.8,0.193,"9,911.15",5.35473
115.90001,0.19316,"9,911.38",5.36246
116.00001,0.19334,"9,912.03",5.37002
116.10001,0.1935,"9,912.08",5.37788
116.20001,0.19366,"9,911.67",5.38557
116.3,0.19383,"9,912.48",5.39321
116.40001,0.194,"9,912.21",5.40081
116.50001,0.19417,"9,913.19",5.4085
116.60001,0.19433,"9,913.08",5.41625
116.70001,0.19449,"9,912.96",5.42398
116.8,0.19466,"9,913.51",5.43152
116.90001,0.19483,"9,913.52",5.43937
117.00001,0.195,"9,914.86",5.44716
117.10001,0.19517,"9,914.45",5.45484
117.20001,0.19533,"9,914.45",5.46267
117.3,0.1955,"9,914.74",5.47038
117.40001,0.19566,"9,914.56",5.47804
117.50001,0.19583,"9,915.37",5.48581
117.60001,0.196,"9,915.79",5.49349
117.70001,0.19617,"9,915.50",5.50134
117.8,0.19633,"9,915.53",5.50906
117.90001,0.19649,"9,915.19",5.51657
118.00001,0.19666,"9,916.03",5.52452
118.10001,0.19683,"9,916.40",5.53212
118.20001,0.197,"9,916.92",5.5399
118.3,0.19717,"9,917.23",5.54773
118.40001,0.19733,"9,916.37",5.55541
118.50001,0.1975,"9,917.17",5.56315
118.60001,0.19766,"9,916.90",5.57081
118.70001,0.19783,"9,917.95",5.5785
118.8,0.198,"9,918.33",5.58645
118.90001,0.19816,"9,918.09",5.59399
119.00001,0.19833,"9,918.43",5.60188
119.10001,0.19849,"9,917.41",5.60956
119.20001,0.19866,"9,918.13",5.61713
119.3,0.19883,"9,919.18",5.62515
119.40001,0.199,"9,918.86",5.63296
119.50001,0.19917,"9,919.29",5.6407
119.60001,0.19933,"9,918.97",5.64845
119.70001,0.1995,"9,919.31",5.65619
119.8,0.19966,"9,919.59",5.66406
119.90001,0.19983,"9,919.70",5.67177
120.00001,0.2,"9,920.05",5.67949
120.10001,0.20016,"9,919.40",5.68728
120.20001,0.20033,"9,920.14",5.69518
120.3,0.2005,"9,919.94",5.70279
120.40001,0.20066,"9,920.28",5.71056
120.50001,0.20083,"9,921.09",5.71842
120.60001,0.20099,"9,920.25",5.72623
120.70001,0.20116,"9,920.89",5.73387
120.8,0.20133,"9,920.55",5.74153
120.90001,0.2015,"9,920.92",5.74951
121.00001,0.20167,"9,921.90",5.75736
121.10001,0.20183,"9,921.55",5.76503
121.20001,0.202,"9,922.31",5.77299
121.3,0.20216,"9,921.83",5.78084
121.40001,0.20233,"9,921.28",5.78855
121.50001,0.2025,"9,922.51",5.79642
121.60001,0.20267,"9,922.19",5.80429
121.70001,0.20283,"9,922.43",5.81221
121.8,0.20299,"9,922.02",5.81973
121.90001,0.20316,"9,922.10",5.82751
122.00001,0.20333,"9,922.39",5.83541
122.10001,0.2035,"9,922.99",5.84324
122.20001,0.20367,"9,923.46",5.85111
122.3,0.20383,"9,922.23",5.85878
122.40001,0.204,"9,922.71",5.86663
122.50001,0.20416,"9,922.77",5.87457
122.60001,0.20433,"9,923.08",5.88222
122.70001,0.2045,"9,924.36",5.89028
122.8,0.20467,"9,923.35",5.89809
122.90001,0.20483,"9,923.46",5.90578
123.00001,0.205,"9,923.22",5.91368
123.10001,0.20516,"9,923.01",5.92138
123.20001,0.20533,"9,924.26",5.92918
123.3,0.2055,"9,924.17",5.93718
123.40001,0.20567,"9,924.14",5.94499
123.50001,0.20583,"9,924.09",5.95278
123.60001,0.20599,"9,923.37",5.96056
123.70001,0.20616,"9,924.43",5.96834
123.8,0.20633,"9,924.34",5.97634
123.90001,0.2065,"9,925.07",5.98417
124.00001,0.20666,"9,924.24",5.99196
124.10001,0.20683,"9,924.03",5.99986
124.20001,0.207,"9,924.65",6.00758
124.3,0.20716,"9,923.82",6.01534
124.40001,0.20734,"9,925.18",6.02334
124.50001,0.2075,"9,925.06",6.0312
124.60001,0.20766,"9,924.33",6.03898
124.70001,0.20783,"9,925.01",6.04676
124.8,0.208,"9,924.91",6.05468
124.90001,0.20817,"9,925.51",6.06255
125.00001,0.20833,"9,925.43",6.07023
125.10001,0.2085,"9,925.27",6.07814
125.20001,0.20866,"9,925.28",6.08614
125.3,0.20883,"9,925.22",6.09383
125.40001,0.209,"9,926.41",6.10182
125.50001,0.20917,"9,925.76",6.10978
125.60001,0.20933,"9,925.89",6.11782
125.70001,0.2095,"9,925.92",6.12556
125.8,0.20966,"9,924.86",6.13325
125.90001,0.20983,"9,926.29",6.14144
126.00001,0.21,"9,926.00",6.14935
126.10001,0.21017,"9,925.94",6.15709
126.20001,0.21033,"9,926.04",6.16503
126.3,0.21049,"9,924.95",6.17278
126.40001,0.21066,"9,926.10",6.18065
126.50001,0.21083,"9,925.63",6.18849
126.60001,0.211,"9,925.91",6.19629
126.70001,0.21117,"9,926.50",6.20461
126.8,0.21133,"9,925.72",6.21228
126.90001,0.21149,"9,925.44",6.22001
127.00001,0.21166,"9,925.59",6.22802
127.10001,0.21183,"9,926.27",6.23592
127.20001,0.212,"9,926.68",6.24378
127.3,0.21217,"9,926.56",6.25181
127.40001,0.21233,"9,926.39",6.25973
127.50001,0.2125,"9,925.44",6.26772
127.60001,0.21267,"9,926.23",6.27551
127.70001,0.21283,"9,926.41",6.28349
127.8,0.213,"9,926.41",6.29154
127.90001,0.21317,"9,926.33",6.29935
128,0.21333,"9,925.64",6.3072
128.10001,0.2135,"9,926.00",6.31506
128.20002,0.21366,"9,925.89",6.32292
128.3,0.21383,"9,926.23",6.33084
128.40001,0.214,"9,926.69",6.33883
128.5,0.21416,"9,925.76",6.34678
128.60001,0.21433,"9,926.30",6.35471
128.70002,0.21449,"9,925.64",6.36263
128.8,0.21467,"9,925.90",6.37065
128.90001,0.21483,"9,926.68",6.37844
129,0.215,"9,926.33",6.38659
129.10001,0.21517,"9,926.45",6.39453
129.20002,0.21533,"9,925.67",6.40237
129.3,0.2155,"9,925.74",6.41025
129.40001,0.21566,"9,926.34",6.41834
129.5,0.21583,"9,926.29",6.42631
129.60001,0.216,"9,926.35",6.43426
129.70002,0.21616,"9,925.50",6.44203
129.8,0.21633,"9,925.53",6.45019
129.90001,0.2165,"9,926.09",6.45819
130,0.21666,"9,926.09",6.46619
130.10001,0.21683,"9,926.58",6.47421
130.20002,0.217,"9,925.56",6.4821
130.3,0.21717,"9,925.69",6.49002
130.40001,0.21733,"9,925.58",6.49793
130.5,0.2175,"9,925.32",6.50604
130.60001,0.21767,"9,926.34",6.51416
130.70002,0.21783,"9,925.26",6.52196
130.8,0.218,"9,925.14",6.5299
130.90001,0.21816,"9,924.98",6.53806
131,0.21833,"9,924.31",6.5457
131.1,0.2185,"9,925.69",6.55377
131.20002,0.21867,"9,925.42",6.56183
131.3,0.21883,"9,925.42",6.56994
131.40002,0.219,"9,925.04",6.57795
131.5,0.21916,"9,924.26",6.58568
131.6,0.21933,"9,925.16",6.59387
131.70002,0.2195,"9,925.13",6.60201
131.8,0.21967,"9,925.57",6.60993
131.90002,0.21983,"9,924.34",6.61793
132,0.21999,"9,923.90",6.6259
132.1,0.22016,"9,923.75",6.63386
132.20002,0.22033,"9,924.02",6.64166
132.3,0.2205,"9,925.02",6.64975
132.40002,0.22067,"9,924.31",6.65779
132.5,0.22083,"9,923.68",6.66572
132.6,0.221,"9,923.67",6.67373
132.70002,0.22116,"9,923.24",6.68168
132.8,0.22133,"9,924.14",6.68968
132.90002,0.2215,"9,923.73",6.69766
133,0.22167,"9,922.99",6.70567
133.1,0.22183,"9,923.07",6.71364
133.20002,0.22199,"9,922.50",6.72167
133.3,0.22217,"9,923.41",6.72961
133.40002,0.22233,"9,923.03",6.7376
133.5,0.2225,"9,923.19",6.74566
133.6,0.22266,"9,922.72",6.75366
133.70002,0.22283,"9,922.32",6.7616
133.8,0.223,"9,923.38",6.7697
133.90002,0.22316,"9,922.97",6.77778
134,0.22333,"9,923.20",6.78588
134.1,0.2235,"9,922.80",6.79395
134.20002,0.22366,"9,922.03",6.80193
134.3,0.22383,"9,922.29",6.81008
134.40002,0.224,"9,921.53",6.81801
134.5,0.22417,"9,922.30",6.82618
134.6,0.22433,"9,922.47",6.83426
134.70002,0.2245,"9,921.39",6.84234
134.8,0.22466,"9,921.59",6.85046
134.90002,0.22483,"9,920.61",6.85836
135,0.225,"9,920.78",6.86643
135.1,0.22517,"9,921.45",6.87456
135.20002,0.22533,"9,921.11",6.88274
135.3,0.2255,"9,921.05",6.89064
135.40002,0.22566,"9,920.21",6.89872
135.5,0.22583,"9,920.53",6.90692
135.6,0.226,"9,920.30",6.91486
135.70002,0.22617,"9,920.61",6.92301
135.8,0.22633,"9,920.06",6.93129
135.90002,0.22649,"9,919.41",6.93924
136,0.22666,"9,919.45",6.94732
136.1,0.22683,"9,918.95",6.95539
136.20002,0.227,"9,919.20",6.9636
136.3,0.22717,"9,919.56",6.97164
136.40002,0.22733,"9,918.38",6.97962
136.5,0.22749,"9,918.62",6.98774
136.6,0.22766,"9,917.68",6.99588
136.70002,0.22783,"9,918.22",7.00393
136.8,0.228,"9,919.16",7.01218
136.90002,0.22817,"9,918.09",7.02037
137,0.22833,"9,917.61",7.0285
137.1,0.22849,"9,916.28",7.03646
137.20002,0.22866,"9,916.59",7.04459
137.3,0.22883,"9,916.69",7.05272
137.40002,0.229,"9,917.01",7.06081
137.5,0.22917,"9,917.01",7.06891
137.6,0.22933,"9,915.76",7.07702
137.70002,0.2295,"9,915.77",7.08508
137.8,0.22966,"9,915.16",7.0932
137.90002,0.22983,"9,915.54",7.10116
138,0.23,"9,916.14",7.10951
138.1,0.23016,"9,914.94",7.11761
138.20002,0.23033,"9,915.04",7.1257
138.3,0.2305,"9,914.51",7.13376
138.40002,0.23066,"9,913.81",7.14175
138.5,0.23083,"9,914.77",7.15002
138.6,0.231,"9,913.99",7.15808
138.70002,0.23117,"9,913.87",7.16622
138.8,0.23133,"9,913.16",7.17431
138.90002,0.2315,"9,912.56",7.18229
139,0.23167,"9,913.36",7.19059
139.1,0.23183,"9,912.89",7.19868
139.20002,0.232,"9,913.23",7.20684
139.3,0.23216,"9,912.10",7.21491
139.40002,0.23233,"9,912.05",7.22292
139.5,0.2325,"9,911.87",7.23118
139.6,0.23266,"9,911.55",7.23944
139.70002,0.23284,"9,912.16",7.24757
139.8,0.233,"9,910.71",7.25564
139.90002,0.23316,"9,909.81",7.2638
140,0.23333,"9,910.22",7.27201
140.1,0.23349,"9,909.76",7.28003
140.20002,0.23367,"9,910.41",7.2883
140.3,0.23383,"9,909.71",7.29653
140.40002,0.234,"9,908.69",7.30464
140.5,0.23416,"9,908.64",7.31265
140.6,0.23433,"9,908.14",7.32086
140.70002,0.2345,"9,908.79",7.32915
140.8,0.23467,"9,908.36",7.33724
140.90002,0.23484,"9,908.05",7.34564
141,0.235,"9,907.00",7.35382
141.1,0.23516,"9,906.18",7.36185
141.20002,0.23533,"9,906.76",7.36991
141.3,0.2355,"9,905.93",7.37808
141.40002,0.23567,"9,906.05",7.38634
141.5,0.23583,"9,905.23",7.39446
141.6,0.23599,"9,904.61",7.40248
141.70002,0.23616,"9,904.84",7.41077
141.8,0.23633,"9,904.04",7.41888
141.90002,0.2365,"9,904.96",7.42709
142,0.23667,"9,904.30",7.43538
142.1,0.23683,"9,903.23",7.44366
142.20002,0.237,"9,903.57",7.45188
142.3,0.23716,"9,902.21",7.45992
142.40002,0.23733,"9,902.34",7.46813
142.5,0.2375,"9,902.22",7.4764
142.6,0.23767,"9,901.62",7.48456
142.70002,0.23783,"9,901.37",7.49277
142.8,0.238,"9,900.52",7.50087
142.90002,0.23817,"9,900.61",7.50914
143,0.23833,"9,900.19",7.51741
143.1,0.2385,"9,899.83",7.52544
143.20002,0.23867,"9,899.68",7.53369
143.3,0.23883,"9,898.62",7.54203
143.40002,0.239,"9,898.45",7.55001
143.5,0.23917,"9,898.13",7.55828
143.6,0.23934,"9,897.65",7.5665
143.70002,0.2395,"9,897.21",7.5747
143.8,0.23966,"9,896.03",7.58279
143.90002,0.23983,"9,896.20",7.5911
144,0.23999,"9,895.29",7.59933
144.1,0.24017,"9,895.61",7.6074
144.20002,0.24033,"9,895.92",7.61585
144.3,0.24049,"9,894.66",7.62403
144.40002,0.24066,"9,894.45",7.63223
144.5,0.24083,"9,893.22",7.64036
144.6,0.241,"9,893.53",7.64506
144.70002,0.24117,"9,893.55",7.64665
144.8,0.24133,"9,892.94",7.65236
144.90002,0.2415,"9,892.12",7.66283
145,0.24166,"9,890.82",7.66109
145.1,0.24183,"9,890.41",7.44817
145.20002,0.242,"9,890.76",7.4193
145.3,0.24217,"9,890.49",7.42868
145.40002,0.24234,"9,889.92",7.49061
145.5,0.2425,"9,888.94",7.51728
145.6,0.24267,"9,888.31",7.48272
145.70002,0.24283,"9,887.69",7.46726
145.8,0.243,"9,887.60",7.45178
145.90002,0.24317,"9,887.78",7.37978
146,0.24333,"9,886.03",7.34756
146.1,0.2435,"9,885.88",7.32125
146.20002,0.24366,"9,884.53",7.34237
146.3,0.24383,"9,883.76",7.35648
146.40002,0.244,"9,884.76",7.1848
146.5,0.24416,"9,883.53",7.17926
146.6,0.24433,"9,883.10",7.22135
146.70002,0.2445,"9,882.18",7.23547
146.8,0.24466,"9,881.57",7.253
146.90002,0.24483,"9,881.34",7.23823
147,0.245,"9,881.16",7.23834
147.1,0.24517,"9,880.82",7.27199
147.20002,0.24533,"9,879.26",7.24981
147.3,0.2455,"9,878.53",7.25099
147.40002,0.24566,"9,878.39",7.24923
147.5,0.24583,"9,877.61",-0.71817
147.6,0.246,"9,877.37",-0.68925
147.70002,0.24616,"9,876.21",0.55027
147.8,0.24633,"9,875.39",3.77756
147.90002,0.2465,"9,875.10",0.94658
148,0.24666,"9,874.76",0.32922
148.1,0.24683,"9,874.96",0.59001
148.20002,0.247,"9,873.55",0.78979
148.3,0.24717,"9,872.81",0.56595
148.40002,0.24733,"9,872.30",0.4552
148.5,0.2475,"9,871.38",0.44491
148.6,0.24767,"9,871.86",1.11102
148.70002,0.24783,"9,870.91",0.25974
148.8,0.248,"9,870.20",0.5861
148.90002,0.24816,"9,868.77",0.80233
149,0.24833,"9,867.78",0.75248
149.1,0.2485,"9,867.83",0.88004
149.20002,0.24866,"9,867.12",0.26974
149.3,0.24884,"9,867.10",1.23966
149.40002,0.249,"9,865.75",1.26093
149.5,0.24916,"9,864.32",0.92588
149.6,0.24933,"9,864.01",0.65138
149.70002,0.2495,"9,862.84",0.05756
149.8,0.24967,"9,863.57",0.63727
149.90002,0.24983,"9,861.94",0.38338
150,0.25,"9,860.98",1.00464
150.1,0.25016,"9,860.46",0.30878
150.20002,0.25032,"9,858.82",0.64128
150.3,0.2505,"9,859.49",3.66665
150.40002,0.25066,"9,858.73",2.93311
150.5,0.25083,"9,857.83",3.95485
150.6,0.251,"9,857.09",2.7533
150.70002,0.25116,"9,855.62",-0.57177
150.8,0.25133,"9,855.12",-0.69914
150.90002,0.2515,"9,854.41",-0.84593
151,0.25167,"9,853.66",-0.78389
151.1,0.25183,"9,852.69",-0.95556
151.20002,0.252,"9,851.42",-1.52564
151.3,0.25216,"9,851.25",-1.21517
151.40002,0.25233,"9,849.72",-1.08441
151.5,0.2525,"9,848.90",-0.99082
151.6,0.25267,"9,848.19",-1.13438
151.70002,0.25283,"9,846.13",-1.41194
151.8,0.253,"9,846.54",-1.08284
151.90002,0.25316,"9,845.46",-1.16723
152,0.25333,"9,845.29",-1.12351
152.1,0.2535,"9,844.58",-1.14601
152.20002,0.25367,"9,842.94",-1.11204
152.3,0.25383,"9,842.61",-1.12677
152.40002,0.25399,"9,840.81",-1.11393
152.5,0.25417,"9,840.54",-1.10986
152.6,0.25433,"9,839.79",-1.12901
152.70002,0.2545,"9,838.90",-1.1293
152.8,0.25466,"9,837.63",-1.14507
152.90002,0.25483,"9,836.01",-1.11871
153,0.255,"9,835.43",-1.11318
153.1,0.25516,"9,834.69",-1.1136
153.20002,0.25533,"9,834.44",-1.12091
153.3,0.2555,"9,833.48",-1.13499
153.40002,0.25566,"9,831.53",-1.13545
153.5,0.25583,"9,831.43",-1.13076
153.6,0.256,"9,830.12",-1.1205
153.70002,0.25617,"9,829.25",-1.11465
153.8,0.25633,"9,828.86",-1.12235
153.90002,0.2565,"9,827.17",-1.13019
154,0.25666,"9,826.53",-1.13009
154.1,0.25683,"9,824.68",-1.12949
154.20002,0.257,"9,824.15",-1.12176
154.3,0.25717,"9,823.82",-1.12502
154.40002,0.25733,"9,822.29",-1.12374
154.5,0.2575,"9,821.65",-1.12871
154.6,0.25766,"9,819.84",-1.13466
154.70002,0.25783,"9,818.97",-1.13251
154.8,0.258,"9,818.67",-1.12876
154.90002,0.25817,"9,817.35",-1.13114
155,0.25834,"9,816.63",-1.12473
155.1,0.2585,"9,814.05",-1.12582
155.20002,0.25866,"9,812.80",-1.12614
155.3,0.25883,"9,812.42",-1.12806
155.40002,0.259,"9,810.99",-1.12836
155.5,0.25917,"9,810.73",-1.12347
155.6,0.25933,"9,808.35",-1.1288
155.70002,0.2595,"9,806.97",-1.12993
155.8,0.25966,"9,806.66",-1.12784
155.90002,0.25983,"9,805.72",-1.12574
156,0.26,"9,805.11",-1.12446
156.1,0.26017,"9,803.43",-1.12943
156.20002,0.26033,"9,802.13",-1.13035
156.3,0.2605,"9,800.49",-1.13103
156.40002,0.26066,"9,798.93",-1.12423
156.5,0.26083,"9,798.65",-1.12339
156.6,0.261,"9,797.02",-1.12773
156.70002,0.26117,"9,796.03",-1.13071
156.8,0.26133,"9,794.26",-1.13427
156.90002,0.26149,"9,792.25",-1.12861
157,0.26166,"9,792.16",-1.12582
157.1,0.26183,"9,790.94",-1.12503
157.20002,0.262,"9,790.30",-1.12814
157.3,0.26216,"9,788.00",-1.12906
157.40002,0.26233,"9,786.31",-1.12841
157.5,0.2625,"9,785.95",-1.13009
157.6,0.26266,"9,784.07",-1.1238
157.70002,0.26284,"9,784.11",-1.12715
157.8,0.263,"9,781.68",-1.12948
157.90002,0.26316,"9,780.03",-1.12898
158,0.26333,"9,779.05",-1.12951
158.1,0.2635,"9,777.78",-1.11915
158.20002,0.26367,"9,777.65",-1.12568
158.3,0.26383,"9,775.87",-1.13455
158.40002,0.264,"9,774.05",-1.1332
158.5,0.26416,"9,772.49",-1.11928
158.6,0.26433,"9,770.72",-1.11251
158.70002,0.2645,"9,770.60",-1.10652
158.8,0.26467,"9,769.40",-1.13636
158.90002,0.26484,"9,768.18",-1.15452
159,0.265,"9,766.13",-1.14221
159.1,0.26516,"9,763.87",-1.12573
159.20002,0.26533,"9,763.57",-1.11148
159.3,0.2655,"9,761.57",-1.11614
159.40002,0.26567,"9,760.80",-1.12714
159.5,0.26583,"9,759.08",-1.14251
159.6,0.26599,"9,756.87",-1.13985
159.70002,0.26616,"9,756.46",-1.12893
159.8,0.26633,"9,754.39",-1.12124
159.90002,0.2665,"9,753.51",-1.11882
160,0.26667,"9,751.94",-1.12888
160.1,0.26683,"9,749.79",-1.13628
160.20002,0.267,"9,748.71",-1.13483
160.3,0.26716,"9,746.49",-1.1275
160.40002,0.26733,"9,745.57",-1.12397
160.5,0.2675,"9,743.99",-1.12533
160.6,0.26767,"9,742.44",-1.13212
160.70002,0.26783,"9,741.14",-1.13362
160.8,0.26799,"9,738.56",-1.132
160.90002,0.26816,"9,737.95",-1.12717
161.00002,0.26833,"9,736.59",-1.12274
161.1,0.2685,"9,735.12",-1.1304
161.20002,0.26866,"9,733.79",-1.13373
161.3,0.26883,"9,731.41",-1.13553
161.40002,0.269,"9,730.32",-1.1274
161.50002,0.26916,"9,728.33",-1.12197
161.6,0.26933,"9,727.09",-1.12359
161.70002,0.2695,"9,725.72",-1.13052
161.8,0.26966,"9,723.75",-1.13902
161.90002,0.26983,"9,722.53",-1.13221
162.00002,0.26999,"9,720.37",-1.12963
162.1,0.27017,"9,718.79",-1.12554
162.20002,0.27034,"9,718.18",-1.12718
162.3,0.2705,"9,715.87",-1.13144
162.40002,0.27067,"9,714.08",-1.13125
162.50002,0.27083,"9,711.99",-1.13227
162.6,0.271,"9,710.23",-1.12922
162.70002,0.27117,"9,709.30",-1.12702
162.8,0.27133,"9,707.60",-1.12788
162.90002,0.2715,"9,706.30",-1.13147
163.00002,0.27166,"9,703.19",-1.13275
163.1,0.27183,"9,701.77",-1.12841
163.20002,0.272,"9,700.14",-1.12628
163.3,0.27216,"9,699.32",-1.12714
163.40002,0.27233,"9,698.05",-1.13028
163.50002,0.2725,"9,695.46",-1.13152
163.6,0.27266,"9,693.94",-1.12954
163.70002,0.27283,"9,691.90",-1.12887
163.8,0.273,"9,690.36",-1.13036
163.90002,0.27317,"9,689.47",-1.13142
164.00002,0.27333,"9,687.23",-1.13189
164.1,0.2735,"9,685.55",-1.12906
164.20002,0.27366,"9,683.27",-1.1294
164.3,0.27383,"9,680.80",-1.12866
164.40002,0.274,"9,680.03",-1.12897
164.50002,0.27417,"9,678.25",-1.13018
164.6,0.27433,"9,676.72",-1.12916
164.70002,0.27449,"9,673.75",-1.13211
164.8,0.27466,"9,671.92",-1.13044
164.90002,0.27483,"9,671.01",-1.12973
165.00002,0.275,"9,669.06",-1.13111
165.1,0.27517,"9,668.20",-1.12968
165.20002,0.27533,"9,665.21",-1.12872
165.3,0.2755,"9,663.16",-1.13074
165.40002,0.27566,"9,661.43",-1.13047
165.50002,0.27583,"9,659.52",-1.12922
165.6,0.276,"9,658.35",-1.12684
165.70002,0.27616,"9,655.92",-1.13068
165.8,0.27633,"9,653.92",-1.13074
165.90002,0.2765,"9,652.02",-1.13134
166.00002,0.27666,"9,649.67",-1.13034
166.1,0.27683,"9,649.12",-1.12858
166.20002,0.277,"9,647.08",-1.12909
166.3,0.27717,"9,644.96",-1.13219
166.40002,0.27733,"9,642.65",-1.13218
166.50002,0.27749,"9,640.34",-1.12926
166.6,0.27766,"9,639.58",-1.12931
166.70002,0.27783,"9,637.26",-1.13049
166.8,0.278,"9,635.89",-1.12925
166.90002,0.27816,"9,633.53",-1.1335
167.00002,0.27833,"9,630.66",-1.13372
167.1,0.2785,"9,629.90",-1.12804
167.20002,0.27866,"9,627.75",-1.12599
167.3,0.27884,"9,626.21",-1.12957
167.40002,0.279,"9,624.03",-1.13153
167.50002,0.27917,"9,621.34",-1.13068
167.6,0.27933,"9,619.75",-1.12788
167.70002,0.27949,"9,617.07",-1.12801
167.8,0.27967,"9,616.00",-1.13233
167.90002,0.27983,"9,613.63",-1.13461
168.00002,0.28,"9,611.24",-1.13166
168.1,0.28016,"9,609.05",-1.12909
168.20002,0.28033,"9,606.15",-1.1186
168.3,0.2805,"9,604.96",-1.12906
168.40002,0.28066,"9,603.18",-1.13877
168.50002,0.28083,"9,601.78",-1.14107
168.6,0.281,"9,599.35",-1.11846
168.70002,0.28116,"9,596.67",-1.11362
168.8,0.28133,"9,595.38",-1.12516
168.90002,0.2815,"9,592.70",-1.141
169.00002,0.28167,"9,591.40",-1.15018
169.1,0.28183,"9,589.79",-1.13852
169.20002,0.282,"9,587.24",-1.11695
169.3,0.28216,"9,585.57",-1.10956
169.40002,0.28233,"9,583.03",-1.1249
169.50002,0.2825,"9,580.91",-1.1508
169.6,0.28267,"9,579.35",-1.1469
169.70002,0.28283,"9,576.70",-1.1223
169.8,0.28299,"9,574.46",-1.11757
169.90002,0.28316,"9,571.48",-1.12764
170.00002,0.28333,"9,570.28",-1.15066
170.1,0.2835,"9,568.81",-1.13796
170.20002,0.28367,"9,566.53",-1.12368
170.3,0.28383,"9,564.06",-1.11926
170.40002,0.284,"9,560.83",-1.12934
170.50002,0.28416,"9,559.04",-1.13854
170.6,0.28433,"9,557.12",-1.1395
170.70002,0.2845,"9,555.48",-1.12265
170.8,0.28467,"9,553.75",-1.12149
170.90002,0.28483,"9,550.07",-1.12666
171.00002,0.285,"9,548.14",-1.13998
171.1,0.28516,"9,546.01",-1.13403
171.20002,0.28533,"9,544.45",-1.12909
171.3,0.2855,"9,543.46",-1.12449
171.40002,0.28566,"9,540.31",-1.12804
171.50002,0.28583,"9,538.13",-1.13447
171.6,0.28599,"9,535.41",-1.13352
171.70002,0.28616,"9,533.23",-1.12689
171.8,0.28634,"9,532.19",-1.12773
171.90002,0.2865,"9,529.16",-1.13009
172.00002,0.28667,"9,526.92",-1.1364
172.1,0.28683,"9,524.03",-1.13073
172.20002,0.28699,"9,521.31",-1.12778
172.3,0.28716,"9,520.41",-1.1296
172.40002,0.28733,"9,518.03",-1.12442
172.50002,0.2875,"9,516.02",-1.13678
172.6,0.28766,"9,513.08",-1.13054
172.70002,0.28783,"9,510.71",-1.12774
172.8,0.28799,"9,508.56",-1.12707
172.90002,0.28816,"9,506.86",-1.12458
173.00002,0.28834,"9,505.46",-1.13545
173.1,0.2885,"9,502.01",-1.13861
173.20002,0.28867,"9,499.56",-1.1304
173.3,0.28883,"9,497.39",-1.12625
173.40002,0.289,"9,494.91",-1.12881
173.50002,0.28916,"9,493.89",-1.13474
173.6,0.28933,"9,491.12",-1.13075
173.70002,0.2895,"9,488.89",-1.13024
173.8,0.28966,"9,486.29",-1.12536
173.90002,0.28983,"9,483.34",-1.13141
174.00002,0.29,"9,482.07",-1.13172
174.1,0.29017,"9,479.23",-1.13165
174.20002,0.29034,"9,476.83",-1.12807
174.3,0.2905,"9,474.38",-1.13823
174.40002,0.29066,"9,471.76",-1.13357
174.50002,0.29083,"9,469.93",-1.13175
174.6,0.291,"9,467.54",-1.13061
174.70002,0.29117,"9,465.76",-1.13157
174.8,0.29133,"9,462.69",-1.12966
174.90002,0.29149,"9,460.00",-1.12996
175.00002,0.29166,"9,458.12",-1.13212
175.1,0.29183,"9,455.50",-1.13152
175.20002,0.292,"9,454.38",-1.13152
175.3,0.29217,"9,451.56",-1.12743
175.40002,0.29233,"9,448.79",-1.12728
175.50002,0.2925,"9,447.03",-1.13231
175.6,0.29266,"9,443.73",-1.13539
175.70002,0.29283,"9,442.73",-1.13034
175.8,0.293,"9,440.02",-1.1261
175.90002,0.29317,"9,437.12",-1.13505
176.00002,0.29333,"9,434.60",-1.13808
176.1,0.29349,"9,431.19",-1.1271
176.20002,0.29367,"9,429.82",-1.12857
176.3,0.29383,"9,427.50",-1.13138
176.40002,0.294,"9,425.07",-1.13842
176.50002,0.29417,"9,422.70",-1.13554
176.6,0.29433,"9,419.76",-1.1207
176.70002,0.2945,"9,417.86",-1.1261
176.8,0.29466,"9,414.98",-1.13943
176.90002,0.29484,"9,413.20",-1.13985
177.00002,0.295,"9,410.65",-1.12632
177.1,0.29516,"9,407.49",-1.12258
177.20002,0.29533,"9,405.65",-1.13261
177.3,0.29549,"9,402.33",-1.13996
177.40002,0.29567,"9,400.37",-1.13403
177.50002,0.29583,"9,399.00",-1.12423
177.6,0.296,"9,395.48",-1.13238
177.70002,0.29617,"9,393.74",-1.13331
177.8,0.29633,"9,390.54",-1.13554
177.90002,0.2965,"9,388.24",-1.12893
178.00002,0.29666,"9,385.85",-1.1296
178.1,0.29683,"9,383.28",-1.13257
178.20002,0.297,"9,380.90",-1.13397
178.3,0.29716,"9,377.63",-1.13138
178.40002,0.29733,"9,375.92",-1.13134
178.50002,0.2975,"9,373.05",-1.13248
178.6,0.29767,"9,371.10",-1.13583
178.70002,0.29783,"9,368.41",-1.13099
178.8,0.298,"9,365.51",-1.12879
178.90002,0.29816,"9,363.36",-1.12942
179.00002,0.29833,"9,360.29",-1.1367
179.1,0.2985,"9,358.14",-1.13243
179.20002,0.29867,"9,356.36",-1.12896
179.3,0.29883,"9,353.31",-1.13045
179.40002,0.299,"9,351.10",-1.13074
179.50002,0.29916,"9,348.09",-1.13533
179.6,0.29933,"9,344.84",-1.13169
179.70002,0.2995,"9,343.47",-1.12759
179.8,0.29967,"9,340.41",-1.13574
179.90002,0.29983,"9,338.06",-1.13559
180.00002,0.29999,"9,334.65",-1.12697
180.1,0.30016,"9,332.29",-1.13457
180.20002,0.30033,"9,330.19",-1.13257
180.3,0.3005,"9,327.60",-1.13228
180.40002,0.30067,"9,326.03",-1.13037
180.50002,0.30083,"9,322.27",-1.13073
180.6,0.301,"9,319.67",-1.13419
180.70002,0.30116,"9,317.61",-1.13196
180.8,0.30133,"9,314.64",-1.12712
180.90002,0.3015,"9,312.99",-1.13123
181.00002,0.30167,"9,309.78",-1.13686
181.1,0.30183,"9,306.86",-1.13503
181.20002,0.302,"9,304.19",-1.12759
181.3,0.30216,"9,301.27",-1.13293
181.40002,0.30233,"9,299.80",-1.13101
181.50002,0.3025,"9,296.68",-1.13723
181.6,0.30267,"9,294.17",-1.13498
181.70002,0.30283,"9,290.76",-1.12786
181.8,0.30299,"9,287.96",-1.12933
181.90002,0.30316,"9,286.44",-1.1321
182.00002,0.30333,"9,283.43",-1.13479
182.1,0.3035,"9,281.67",-1.13261
182.20002,0.30366,"9,278.30",-1.12732
182.3,0.30383,"9,275.25",-1.13116
182.40002,0.304,"9,272.95",-1.13666
182.50002,0.30416,"9,270.13",-1.13541
182.6,0.30434,"9,268.08",-1.1293
182.70002,0.3045,"9,265.29",-1.12977
182.8,0.30466,"9,261.97",-1.13678
182.90002,0.30483,"9,260.13",-1.1336
183.00002,0.30499,"9,257.05",-1.12893
183.1,0.30517,"9,255.14",-1.13344
183.20002,0.30533,"9,252.15",-1.13307
183.3,0.3055,"9,248.87",-1.13283
183.40002,0.30567,"9,245.99",-1.12794
183.50002,0.30583,"9,242.69",-1.13261
183.6,0.306,"9,240.82",-1.13401
183.70002,0.30616,"9,238.06",-1.13215
183.8,0.30633,"9,235.51",-1.12973
183.90002,0.3065,"9,232.81",-1.13309
184.00002,0.30666,"9,230.28",-1.13309
184.1,0.30683,"9,228.14",-1.13403
184.20002,0.307,"9,225.03",-1.13125
184.3,0.30717,"9,223.11",-1.13041
184.40002,0.30733,"9,220.07",-1.13303
184.50002,0.3075,"9,216.91",-1.13619
184.6,0.30766,"9,214.46",-1.13226
184.70002,0.30783,"9,211.18",-1.12475
184.8,0.308,"9,208.81",-1.1365
184.90002,0.30817,"9,206.06",-1.13617
185.00002,0.30833,"9,202.59",-1.12908
185.1,0.30849,"9,200.40",-1.13276
185.20002,0.30866,"9,196.83",-1.13191
185.3,0.30883,"9,195.34",-1.13325
185.40002,0.309,"9,192.74",-1.13338
185.50002,0.30917,"9,189.61",-1.13201
185.6,0.30933,"9,187.03",-1.13351
185.70002,0.3095,"9,183.38",-1.13367
185.8,0.30966,"9,181.14",-1.13236
185.90002,0.30983,"9,178.68",-1.1327
186.00002,0.31,"9,176.24",-1.13265
186.1,0.31017,"9,173.43",-1.13228
186.20002,0.31033,"9,169.92",-1.13192
186.3,0.3105,"9,167.68",-1.13297
186.40002,0.31066,"9,164.74",-1.13183
186.50002,0.31083,"9,162.16",-1.13301
186.6,0.311,"9,159.81",-1.1318
186.70002,0.31116,"9,156.17",-1.13412
186.8,0.31133,"9,153.81",-1.1314
186.90002,0.31149,"9,150.25",-1.13253
187.00002,0.31167,"9,147.88",-1.13167
187.1,0.31183,"9,145.58",-1.13507
187.20002,0.312,"9,142.22",-1.13133
187.3,0.31217,"9,139.89",-1.13289
187.40002,0.31233,"9,136.52",-1.13312
187.50002,0.3125,"9,133.75",-1.13245
187.6,0.31267,"9,131.73",-1.1313
187.70002,0.31283,"9,128.52",-1.13502
187.8,0.313,"9,125.99",-1.12949
187.90002,0.31316,"9,122.65",-1.13318
188.00002,0.31333,"9,119.37",-1.13421
188.1,0.3135,"9,117.32",-1.13384
188.20002,0.31366,"9,114.78",-1.1307
188.3,0.31383,"9,112.13",-1.13218
188.40002,0.314,"9,108.51",-1.13598
188.50002,0.31416,"9,105.41",-1.13127
188.6,0.31433,"9,102.78",-1.13224
188.70002,0.3145,"9,100.16",-1.13228
188.8,0.31467,"9,098.19",-1.13358
188.90002,0.31483,"9,094.13",-1.13259
189.00002,0.315,"9,091.53",-1.1313
189.1,0.31516,"9,088.17",-1.1339
189.20002,0.31533,"9,085.70",-1.13404
189.3,0.3155,"9,084.02",-1.13132
189.40002,0.31567,"9,080.72",-1.13263
189.50002,0.31583,"9,077.90",-1.13385
189.6,0.31599,"9,074.25",-1.13373
189.70002,0.31616,"9,071.20",-1.13124
189.8,0.31633,"9,069.18",-1.13289
189.90002,0.3165,"9,066.29",-1.13402
190.00002,0.31667,"9,063.59",-1.13322
190.1,0.31683,"9,059.96",-1.13002
190.20002,0.317,"9,056.52",-1.13478
190.3,0.31716,"9,054.15",-1.13251
190.40002,0.31733,"9,051.32",-1.13369
190.50002,0.3175,"9,049.29",-1.1311
190.6,0.31766,"9,045.29",-1.13396
190.70002,0.31783,"9,042.44",-1.13453
190.8,0.318,"9,039.83",-1.13132
190.90002,0.31816,"9,036.12",-1.13563
191.00002,0.31833,"9,034.84",-1.12966
191.1,0.3185,"9,031.50",-1.13331
191.20002,0.31867,"9,028.13",-1.13581
191.3,0.31883,"9,024.95",-1.13059
191.40002,0.319,"9,021.65",-1.1301
191.50002,0.31917,"9,019.49",-1.13517
191.6,0.31933,"9,016.53",-1.13507
191.70002,0.3195,"9,013.73",-1.12996
191.8,0.31966,"9,010.32",-1.1303
191.90002,0.31983,"9,007.02",-1.13418
192.00002,0.32,"9,004.56",-1.13166
192.1,0.32016,"9,001.30",-1.13459
192.20002,0.32034,"8,999.39",-1.12795
192.3,0.3205,"8,996.03",-1.13656
192.40002,0.32066,"8,993.16",-1.13441
192.50002,0.32083,"8,990.75",-1.13393
192.6,0.321,"8,986.94",-1.12985
192.70002,0.32117,"8,985.05",-1.13177
192.8,0.32133,"8,981.29",-1.13444
192.90002,0.3215,"8,977.11",-1.13733
193.00002,0.32166,"8,975.21",-1.12928
193.1,0.32183,"8,971.49",-1.13651
193.20002,0.322,"8,969.46",-1.12658
193.3,0.32217,"8,966.73",-1.1362
193.40002,0.32234,"8,963.21",-1.13616
193.50002,0.3225,"8,959.84",-1.13226
193.6,0.32266,"8,955.94",-1.13063
193.70002,0.32283,"8,954.30",-1.13267
193.8,0.323,"8,951.55",-1.13754
193.90002,0.32317,"8,948.53",-1.13058
194.00002,0.32333,"8,945.46",-1.13674
194.1,0.3235,"8,941.73",-1.13275
194.20002,0.32366,"8,939.05",-1.1332
194.3,0.32383,"8,935.94",-1.13385
194.40002,0.324,"8,933.99",-1.13035
194.50002,0.32417,"8,931.07",-1.13506
194.6,0.32433,"8,927.44",-1.13301
194.70002,0.3245,"8,925.03",-1.13186
194.8,0.32466,"8,920.61",-1.13216
194.90002,0.32483,"8,918.17",-1.13252
195.00002,0.325,"8,915.66",-1.13347
195.1,0.32517,"8,912.05",-1.13234
195.20002,0.32533,"8,909.09",-1.13233
195.3,0.3255,"8,905.63",-1.13468
195.40002,0.32567,"8,902.76",-1.13449
195.50002,0.32583,"8,900.11",-1.13294
195.6,0.326,"8,897.42",-1.13024
195.70002,0.32617,"8,894.46",-1.13503
195.8,0.32633,"8,890.68",-1.13499
195.90002,0.3265,"8,887.98",-1.13292
196.00002,0.32666,"8,885.52",-1.13121
196.1,0.32683,"8,881.86",-1.1336
196.20002,0.327,"8,879.27",-1.13549
196.3,0.32716,"8,874.89",-1.13313
196.40002,0.32733,"8,872.04",-1.13143
196.50002,0.32749,"8,869.13",-1.12822
196.6,0.32766,"8,866.68",-1.14259
196.70002,0.32783,"8,864.29",-1.1332
196.8,0.328,"8,860.56",-1.1275
196.90002,0.32817,"8,857.71",-1.13072
197.00002,0.32833,"8,854.07",-1.14497
197.1,0.3285,"8,850.77",-1.13182
197.20002,0.32867,"8,848.59",-1.12753
197.3,0.32884,"8,845.27",-1.13195
197.40002,0.329,"8,842.52",-1.14003
197.50002,0.32916,"8,838.17",-1.13299
197.6,0.32933,"8,834.60",-1.12908
197.70002,0.3295,"8,832.72",-1.13078
197.8,0.32967,"8,829.52",-1.14055
197.90002,0.32984,"8,827.04",-1.13386
198.00002,0.33,"8,822.57",-1.12815
198.1,0.33016,"8,819.29",-1.13389
198.20002,0.33033,"8,816.89",-1.13333
198.3,0.33049,"8,813.55",-1.13585
198.40002,0.33067,"8,811.57",-1.13209
198.50002,0.33083,"8,808.00",-1.13802
198.6,0.331,"8,804.51",-1.12555
198.70002,0.33116,"8,801.43",-1.13185
198.8,0.33133,"8,798.24",-1.13966
198.90002,0.3315,"8,796.33",-1.13313
199.00002,0.33167,"8,792.50",-1.12944
199.1,0.33184,"8,788.90",-1.13539
199.20002,0.332,"8,785.54",-1.13318
199.3,0.33216,"8,781.74",-1.13532
199.40002,0.33233,"8,779.29",-1.13112
199.50002,0.3325,"8,776.72",-1.13348
199.6,0.33267,"8,773.65",-1.13057
199.70002,0.33283,"8,770.08",-1.13615
199.8,0.33299,"8,766.76",-1.13289
199.90002,0.33316,"8,764.11",-1.13077
200.00002,0.33333,"8,760.66",-1.13368
200.1,0.3335,"8,758.44",-1.13531
200.20002,0.33367,"8,754.73",-1.13443
200.3,0.33383,"8,751.34",-1.13024
200.40002,0.334,"8,748.58",-1.13475
200.50002,0.33416,"8,744.66",-1.13502
200.6,0.33433,"8,742.55",-1.13276
200.70002,0.3345,"8,739.00",-1.13062
200.8,0.33467,"8,735.48",-1.13543
200.90002,0.33483,"8,732.34",-1.1348
201.00002,0.33499,"8,728.16",-1.12985
201.1,0.33517,"8,726.10",-1.13008
201.20002,0.33533,"8,723.33",-1.13712
201.3,0.3355,"8,719.52",-1.13375
201.40002,0.33566,"8,716.21",-1.12814
201.50002,0.33583,"8,712.24",-1.13739
201.6,0.336,"8,710.06",-1.13081
201.70002,0.33616,"8,706.87",-1.13608
201.8,0.33633,"8,704.17",-1.13338
201.90002,0.3365,"8,700.50",-1.13274
202.00002,0.33666,"8,696.35",-1.13562
202.1,0.33683,"8,693.62",-1.13264
202.20002,0.33699,"8,689.78",-1.13275
202.3,0.33717,"8,687.78",-1.13092
202.40002,0.33734,"8,684.75",-1.13856
202.50002,0.3375,"8,680.82",-1.13054
202.6,0.33766,"8,677.85",-1.13136
202.70002,0.33783,"8,673.74",-1.13784
202.8,0.338,"8,671.45",-1.13328
202.90002,0.33817,"8,668.67",-1.13252
203.00002,0.33833,"8,664.67",-1.12954
203.1,0.3385,"8,661.57",-1.13485
203.20002,0.33866,"8,657.35",-1.13815
203.3,0.33883,"8,654.50",-1.13299
203.40002,0.339,"8,651.90",-1.12605
203.50002,0.33916,"8,648.24",-1.13572
203.6,0.33933,"8,645.34",-1.14114
203.70002,0.3395,"8,641.52",-1.13155
203.8,0.33966,"8,638.58",-1.1232
203.90002,0.33983,"8,635.16",-1.14031
204.00002,0.34,"8,632.17",-1.13482
204.1,0.34017,"8,629.67",-1.1335
204.20002,0.34033,"8,625.25",-1.12883
204.3,0.3405,"8,622.51",-1.1355
204.40002,0.34066,"8,618.90",-1.13106
204.50002,0.34083,"8,615.61",-1.13452
204.6,0.341,"8,612.97",-1.13501
204.70002,0.34117,"8,609.52",-1.1339
204.8,0.34133,"8,606.22",-1.13292
204.90002,0.34149,"8,602.17",-1.12935
205.00002,0.34166,"8,598.77",-1.13906
205.1,0.34183,"8,596.22",-1.13448
205.20002,0.342,"8,592.77",-1.12978
205.3,0.34217,"8,589.77",-1.13004
205.40002,0.34233,"8,585.51",-1.13831
205.50002,0.3425,"8,581.95",-1.13546
205.6,0.34266,"8,579.27",-1.13222
205.70002,0.34283,"8,576.04",-1.12584
205.8,0.343,"8,573.40",-1.13683
205.90002,0.34316,"8,569.31",-1.13733
206.00002,0.34333,"8,566.11",-1.13692
206.1,0.3435,"8,562.44",-1.12498
206.20002,0.34366,"8,559.29",-1.13351
206.3,0.34383,"8,557.14",-1.14146
206.40002,0.344,"8,552.55",-1.13173
206.50002,0.34417,"8,549.35",-1.1304
206.6,0.34433,"8,545.79",-1.13195
206.70002,0.3445,"8,542.04",-1.13689
206.8,0.34467,"8,539.87",-1.13419
206.90002,0.34483,"8,536.11",-1.13246
207.00002,0.345,"8,532.45",-1.13497
207.1,0.34516,"8,528.56",-1.13662
207.20002,0.34533,"8,524.96",-1.13056
207.3,0.3455,"8,522.76",-1.13311
207.40002,0.34566,"8,519.24",-1.13538
207.50002,0.34584,"8,516.67",-1.13723
207.6,0.346,"8,512.49",-1.12866
207.70002,0.34616,"8,508.67",-1.13222
207.8,0.34633,"8,505.56",-1.13645
207.90002,0.3465,"8,501.79",-1.12964
208.00002,0.34667,"8,499.24",-1.13464
208.1,0.34683,"8,495.26",-1.13397
208.20002,0.347,"8,491.19",-1.13473
208.3,0.34716,"8,488.08",-1.13106
208.40002,0.34733,"8,484.49",-1.13884
208.50002,0.3475,"8,482.12",-1.12476
208.6,0.34767,"8,478.36",-1.13634
208.70002,0.34783,"8,474.22",-1.13681
208.8,0.348,"8,471.22",-1.13439
208.90002,0.34816,"8,467.37",-1.12854
209.00002,0.34833,"8,464.65",-1.13569
209.1,0.3485,"8,461.18",-1.13565
209.20002,0.34867,"8,457.72",-1.13375
209.3,0.34883,"8,454.00",-1.13239
209.40002,0.34899,"8,449.81",-1.1348
209.50002,0.34917,"8,447.44",-1.12982
209.6,0.34933,"8,443.32",-1.13571
209.70002,0.3495,"8,440.76",-1.13032
209.8,0.34966,"8,437.14",-1.13702
209.90002,0.34983,"8,433.46",-1.13399
210.00002,0.35,"8,430.52",-1.12925
210.1,0.35016,"8,426.51",-1.13433
210.20002,0.35033,"8,423.65",-1.14006
210.3,0.3505,"8,419.95",-1.11894
210.40002,0.35066,"8,415.67",-1.1395
210.50002,0.35083,"8,412.56",-1.13746
210.6,0.35099,"8,408.60",-1.13354
210.70002,0.35117,"8,405.80",-1.12907
210.8,0.35133,"8,401.79",-1.13397
210.90002,0.3515,"8,398.13",-1.13709
211.00002,0.35166,"8,394.71",-1.13117
211.1,0.35183,"8,390.66",-1.12906
211.20002,0.352,"8,388.40",-1.13205
211.3,0.35216,"8,384.70",-1.13953
211.40002,0.35233,"8,381.15",-1.13078
211.50002,0.3525,"8,378.39",-1.13017
211.6,0.35266,"8,373.38",-1.13391
211.70002,0.35283,"8,370.32",-1.14139
211.8,0.35299,"8,367.05",-1.13056
211.90002,0.35317,"8,363.56",-1.12779
212.00002,0.35333,"8,360.35",-1.14474
212.1,0.3535,"8,356.26",-1.13512
212.20002,0.35367,"8,352.71",-1.12898
212.3,0.35383,"8,348.94",-1.13114
212.40002,0.354,"8,345.51",-1.14223
212.50002,0.35417,"8,342.30",-1.13025
212.6,0.35433,"8,338.61",-1.12802
212.70002,0.3545,"8,335.30",-1.13466
212.8,0.35466,"8,330.94",-1.13577
212.90002,0.35483,"8,327.58",-1.13001
213.00002,0.355,"8,324.34",-1.13089
213.1,0.35517,"8,320.68",-1.13907
213.20002,0.35534,"8,317.37",-1.13275
213.3,0.3555,"8,313.02",-1.13386
213.40002,0.35567,"8,309.67",-1.13375
213.50002,0.35583,"8,306.03",-1.13489
213.6,0.356,"8,302.94",-1.13464
213.70002,0.35617,"8,299.95",-1.13381
213.8,0.35633,"8,295.56",-1.1329
213.90002,0.3565,"8,291.83",-1.13593
214.00002,0.35666,"8,288.69",-1.13077
214.1,0.35683,"8,284.66",-1.13599
214.20002,0.357,"8,281.97",-1.13009
214.3,0.35716,"8,277.48",-1.13512
214.40002,0.35733,"8,274.07",-1.13405
214.50002,0.3575,"8,270.10",-1.13256
214.6,0.35766,"8,265.74",-1.1318
214.70002,0.35783,"8,263.69",-1.1347
214.8,0.358,"8,259.61",-1.13603
214.90002,0.35817,"8,256.06",-1.13254
215.00002,0.35833,"8,252.20",-1.13399
215.1,0.35849,"8,248.73",-1.13513
215.20002,0.35866,"8,245.43",-1.13451
215.3,0.35883,"8,241.98",-1.13163
215.40002,0.359,"8,238.60",-1.13742
215.50002,0.35916,"8,233.97",-1.13329
215.6,0.35933,"8,230.16",-1.13333
215.70002,0.35949,"8,226.78",-1.13533
215.8,0.35966,"8,223.00",-1.12925
215.90002,0.35983,"8,219.99",-1.1355
216.00002,0.36,"8,215.70",-1.13701
216.1,0.36016,"8,211.36",-1.12819
216.20002,0.36033,"8,208.04",-1.13274
216.3,0.36049,"8,204.15",-1.13867
216.40002,0.36066,"8,201.98",-1.13701
216.50002,0.36083,"8,197.78",-1.12768
216.6,0.361,"8,193.62",-1.13612
216.70002,0.36116,"8,190.18",-1.13537
216.8,0.36133,"8,185.80",-1.13298
216.90002,0.3615,"8,182.84",-1.13483
217.00002,0.36166,"8,178.95",-1.12978
217.1,0.36184,"8,175.72",-1.13613
217.20002,0.362,"8,171.27",-1.13727
217.3,0.36216,"8,167.47",-1.13313
217.40002,0.36233,"8,164.05",-1.12932
217.50002,0.36249,"8,159.70",-1.1368
217.6,0.36267,"8,156.98",-1.13388
217.70002,0.36283,"8,153.02",-1.13321
217.8,0.363,"8,148.91",-1.13255
217.90002,0.36316,"8,145.55",-1.13709
218.00002,0.36333,"8,140.85",-1.13436
218.1,0.3635,"8,138.12",-1.13397
218.20002,0.36367,"8,134.22",-1.13359
218.3,0.36383,"8,130.11",-1.13341
218.40002,0.364,"8,126.70",-1.13761
218.50002,0.36416,"8,122.35",-1.13339
218.6,0.36433,"8,119.04",-1.13175
218.70002,0.3645,"8,115.47",-1.13408
218.8,0.36467,"8,111.61",-1.13442
218.90002,0.36483,"8,107.95",-1.13242
219.00002,0.36499,"8,103.41",-1.13275
219.1,0.36517,"8,100.22",-1.13593
219.20002,0.36533,"8,096.33",-1.13315
219.3,0.3655,"8,092.87",-1.13249
219.40002,0.36567,"8,088.57",-1.13268
219.50002,0.36583,"8,084.09",-1.13917
219.6,0.366,"8,080.75",-1.13214
219.70002,0.36616,"8,076.56",-1.13241
219.8,0.36633,"8,073.38",-1.13565
219.90002,0.3665,"8,070.00",-1.13557
220.00002,0.36666,"8,065.58",-1.13459
220.1,0.36683,"8,062.04",-1.13157
220.20002,0.36699,"8,057.89",-1.13549
220.3,0.36716,"8,054.18",-1.13496
220.40002,0.36733,"8,050.94",-1.13462
220.50002,0.3675,"8,046.91",-1.12953
220.6,0.36767,"8,042.98",-1.1356
220.70002,0.36783,"8,038.28",-1.13573
220.8,0.368,"8,034.60",-1.13499
220.90002,0.36816,"8,031.12",-1.13048
221.00002,0.36833,"8,027.24",-1.13557
221.1,0.3685,"8,023.53",-1.13479
221.20002,0.36866,"8,018.62",-1.13441
221.3,0.36883,"8,015.02",-1.13302
221.40002,0.369,"8,011.31",-1.13363
221.50002,0.36916,"8,007.87",-1.13813
221.6,0.36933,"8,004.26",-1.13148
221.70002,0.3695,"7,999.61",-1.1328
221.8,0.36967,"7,995.83",-1.13477
221.90002,0.36983,"7,991.48",-1.13646
222.00002,0.37,"7,987.67",-1.13193
222.1,0.37017,"7,984.70",-1.13016
222.20002,0.37033,"7,980.38",-1.13772
222.3,0.3705,"7,976.67",-1.13652
222.40002,0.37066,"7,971.86",-1.13086
222.50002,0.37083,"7,968.01",-1.13133
222.6,0.371,"7,964.70",-1.13651
222.70002,0.37117,"7,960.29",-1.13902
222.8,0.37134,"7,956.97",-1.12795
222.90002,0.3715,"7,951.74",-1.13068
223.00002,0.37166,"7,947.78",-1.14257
223.1,0.37183,"7,944.66",-1.13492
223.20002,0.372,"7,940.49",-1.12649
223.3,0.37217,"7,937.17",-1.1347
223.40002,0.37233,"7,932.38",-1.13893
223.50002,0.3725,"7,928.14",-1.13258
223.6,0.37267,"7,924.55",-1.13037
223.70002,0.37283,"7,920.42",-1.13576
223.8,0.373,"7,917.29",-1.1366
223.90002,0.37317,"7,912.94",-1.13244
224.00002,0.37333,"7,908.54",-1.13308
224.1,0.3735,"7,904.73",-1.13218
224.20002,0.37366,"7,900.17",-1.13545
224.3,0.37383,"7,897.26",-1.13625
224.40002,0.374,"7,892.87",-1.13348
224.50002,0.37417,"7,888.67",-1.13291
224.6,0.37433,"7,884.26",-1.13431
224.70002,0.3745,"7,879.94",-1.13528
224.8,0.37467,"7,877.05",-1.13386
224.90002,0.37483,"7,872.68",-1.13377
225.00002,0.375,"7,869.17",-1.13432
225.1,0.37516,"7,864.26",-1.13417
225.20002,0.37533,"7,859.73",-1.13372
225.30002,0.3755,"7,855.87",-1.13414
225.40002,0.37566,"7,851.67",-1.13514
225.50002,0.37583,"7,848.63",-1.13659
225.6,0.376,"7,844.14",-1.13066
225.70002,0.37616,"7,839.83",-1.1333
225.80002,0.37633,"7,835.99",-1.13715
225.90002,0.37649,"7,831.13",-1.13449
226.00002,0.37667,"7,828.32",-1.12741
226.1,0.37683,"7,824.05",-1.13416
226.20002,0.377,"7,819.67",-1.14281
226.30002,0.37717,"7,815.23",-1.1355
226.40002,0.37733,"7,810.82",-1.12668
226.50002,0.3775,"7,807.18",-1.13117
226.6,0.37766,"7,802.60",-1.14252
226.70002,0.37783,"7,799.02",-1.13612
226.80002,0.378,"7,794.59",-1.12945
226.90002,0.37816,"7,790.02",-1.13421
227.00002,0.37833,"7,786.82",-1.13635
227.1,0.3785,"7,782.02",-1.13035
227.20002,0.37867,"7,778.22",-1.13246
227.30002,0.37883,"7,774.16",-1.13695
227.40002,0.379,"7,769.44",-1.13823
227.50002,0.37916,"7,765.56",-1.12903
227.6,0.37933,"7,760.55",-1.13257
227.70002,0.3795,"7,757.25",-1.13995
227.80002,0.37967,"7,753.09",-1.13424
227.90002,0.37983,"7,748.42",-1.13199
228.00002,0.38,"7,744.91",-1.13395
228.1,0.38016,"7,739.91",-1.13412
228.20002,0.38033,"7,736.01",-1.13151
228.30002,0.3805,"7,732.47",-1.1337
228.40002,0.38067,"7,727.78",-1.13761
228.50002,0.38083,"7,723.78",-1.13431
228.6,0.381,"7,718.53",-1.13013
228.70002,0.38117,"7,714.71",-1.13302
228.80002,0.38133,"7,710.61",-1.14182
228.90002,0.3815,"7,706.33",-1.13441
229.00002,0.38167,"7,702.12",-1.12597
229.1,0.38183,"7,697.14",-1.13392
229.20002,0.382,"7,693.25",-1.14213
229.30002,0.38216,"7,689.08",-1.13381
229.40002,0.38233,"7,684.86",-1.12683
229.50002,0.3825,"7,681.30",-1.13465
229.6,0.38266,"7,676.07",-1.13966
229.70002,0.38283,"7,672.42",-1.134
229.80002,0.38299,"7,667.50",-1.12853
229.90002,0.38316,"7,663.07",-1.13502
230.00002,0.38334,"7,660.07",-1.13821
230.1,0.3835,"7,654.94",-1.13536
230.20002,0.38367,"7,650.67",-1.13099
230.30002,0.38383,"7,645.84",-1.13429
230.40002,0.384,"7,641.40",-1.13545
230.50002,0.38416,"7,637.67",-1.13627
230.6,0.38433,"7,633.43",-1.13384
230.70002,0.3845,"7,629.09",-1.13343
230.80002,0.38466,"7,623.89",-1.13196
230.90002,0.38483,"7,619.17",-1.1355
231.00002,0.38499,"7,615.12",-1.13663
231.1,0.38516,"7,611.22",-1.13075
231.20002,0.38534,"7,607.70",-1.13368
231.30002,0.3855,"7,602.31",-1.13778
231.40002,0.38567,"7,597.79",-1.1345
231.50002,0.38583,"7,593.54",-1.13176
231.6,0.386,"7,588.33",-1.13565
231.70002,0.38617,"7,585.06",-1.13698
231.80002,0.38633,"7,579.89",-1.13372
231.90002,0.3865,"7,575.42",-1.13091
232.00002,0.38666,"7,570.64",-1.13586
232.1,0.38683,"7,565.78",-1.13849
232.20002,0.387,"7,562.75",-1.13147
232.30002,0.38717,"7,557.82",-1.13088
232.40002,0.38734,"7,553.27",-1.13678
232.50002,0.3875,"7,548.78",-1.13715
232.6,0.38766,"7,543.61",-1.12906
232.70002,0.38783,"7,539.99",-1.13347
232.80002,0.388,"7,535.19",-1.13978
232.90002,0.38817,"7,530.82",-1.13346
233.00002,0.38833,"7,525.46",-1.12971
233.1,0.3885,"7,520.45",-1.13663
233.20002,0.38866,"7,516.75",-1.13753
233.30002,0.38883,"7,511.83",-1.13241
233.40002,0.389,"7,508.20",-1.13216
233.50002,0.38916,"7,503.02",-1.13699
233.6,0.38933,"7,498.11",-1.1388
233.70002,0.3895,"7,493.63",-1.13073
233.80002,0.38966,"7,488.48",-1.13332
233.90002,0.38983,"7,484.97",-1.13753
234.00002,0.39,"7,479.85",-1.13391
234.1,0.39017,"7,475.15",-1.13436
234.20002,0.39033,"7,470.20",-1.13332
234.30002,0.39049,"7,465.41",-1.13088
234.40002,0.39067,"7,461.17",-1.1326
234.50002,0.39083,"7,456.83",-1.14355
234.6,0.391,"7,451.96",-1.1314
234.70002,0.39117,"7,447.10",-1.12359
234.80002,0.39133,"7,441.80",-1.13928
234.90002,0.3915,"7,437.62",-1.14146
235.00002,0.39166,"7,432.58",-1.13419
235.1,0.39184,"7,428.85",-1.12575
235.20002,0.392,"7,423.72",-1.13242
235.30002,0.39216,"7,418.29",-1.1451
235.40002,0.39233,"7,414.01",-1.13178
235.50002,0.39249,"7,408.33",-1.1267
235.6,0.39266,"7,404.14",-1.1367
235.70002,0.39283,"7,399.61",-1.14272
235.80002,0.393,"7,394.43",-1.12973
235.90002,0.39317,"7,389.40",-1.12871
236.00002,0.39333,"7,384.02",-1.13838
236.1,0.3935,"7,379.55",-1.13904
236.20002,0.39366,"7,374.76",-1.12677
236.30002,0.39383,"7,369.94",-1.13179
236.40002,0.394,"7,365.19",-1.13972
236.50002,0.39416,"7,359.63",-1.13723
236.6,0.39433,"7,355.31",-1.12693
236.70002,0.3945,"7,350.32",-1.13548
236.80002,0.39467,"7,345.01",-1.13954
236.90002,0.39483,"7,340.28",-1.13313
237.00002,0.395,"7,334.57",-1.13573
237.1,0.39517,"7,329.81",-1.13525
237.20002,0.39533,"7,324.60",-1.13143
237.30002,0.3955,"7,319.67",-1.13599
237.40002,0.39567,"7,315.01",-1.13621
237.50002,0.39583,"7,309.46",-1.13161
237.6,0.396,"7,304.14",-1.13395
237.70002,0.39616,"7,298.45",-1.13582
237.80002,0.39633,"7,293.54",-1.13103
237.90002,0.3965,"7,288.71",-1.1328
238.00002,0.39667,"7,283.19",-1.13984
238.1,0.39684,"7,277.87",-1.13668
238.20002,0.397,"7,271.26",-1.12728
238.30002,0.39716,"7,265.78",-1.13538
238.40002,0.39733,"7,258.83",-1.14123
238.48402,0.39747,"7,185.82",-1.13954
238.486,0.39748,"7,063.52",-1.13876
238.488,0.39748,"6,847.31",-1.13758
238.49,0.3975,"6,553.36",-1.13576
238.492,0.39751,"6,210.48",-1.13332
238.49402,0.39753,"5,836.82",-1.13088
238.49602,0.39755,"5,441.70",-1.12936
238.49802,0.39756,"5,033.99",-1.12937
238.50002,0.39758,"4,621.33",-1.13074
238.50202,0.39759,"4,208.65",-1.13239
